Iteration,q_l_0,q_l_1,q_l_2,q_l_3,q_l_4,q_l_5,q_l_6,translation_goal_l_0,translation_goal_l_1,translation_goal_l_2,translation_l_0,translation_l_1,translation_l_2,ecart_q_l_0,ecart_q_l_1,ecart_q_l_2,ecart_q_l_3,ecart_q_l_4,ecart_q_l_5,ecart_q_l_6,Ecart_pos_l,Ecart_rot_l,velocity_l_0,velocity_l_1,velocity_l_2,velocity_l_3,velocity_l_4,velocity_l_5,velocity_l_6,Iteration,q_r_0,q_r_1,q_r_2,q_r_3,q_r_4,q_r_5,q_r_6,translation_goal_r_0,translation_goal_r_1,translation_goal_r_2,translation_r_0,translation_r_1,translation_r_2,ecart_q_r_0,ecart_q_r_1,ecart_q_r_2,ecart_q_r_3,ecart_q_r_4,ecart_q_r_5,ecart_q_r_6,Ecart_pos_r,Ecart_rot_r,velocity_r_0,velocity_r_1,velocity_r_2,velocity_r_3,velocity_r_4,velocity_r_5,velocity_r_6
0,-0.1182970255613327,0.8891583681106567,0.3297373652458191,-0.7641734480857849,-0.249365359544754,-0.5427701473236084,0.5011052489280701,0.4,0.5,-0.3,0.399815840574464,0.4999985358368836,-0.3000146020834157,0.0001371373983615,1.4538678547837414e-05,8.815853861759981e-05,0.0001083462466265,1.927495056444628e-05,1.986876366943946e-05,3.280003837335954e-05,0.0001847432234953,0.0022512643094775,-0.001371373983615,0.0001453867854782,-0.0008815853861762,0.0010834624662659,-0.0001927495056444,-0.0001986876366948,-0.0003280003837339,0,-0.118300549685955,-0.8891770243644714,-0.3297393918037415,-0.7641962170600891,0.2493727803230286,-0.5427863001823425,-0.5011201500892639,0.4,-0.5,-0.3,0.3998200866970066,-0.4999999719324952,-0.2999997064682195,0.0001366970628304,1.2834728926325312e-05,8.885155514137821e-05,0.0001106609568334,1.8006981579055115e-05,1.840055933510776e-05,3.360376186034575e-05,0.0001799135446337,5.45346872513619e-05,-0.001366970628304,-0.0001283472892631,0.0008885155514138,0.0011066095683344,0.0001800698157904,-0.0001840055933514,0.000336037618603
1,-0.1184341609477996,0.889172911643982,0.3297393918037415,-0.7641962170600891,-0.2493727803230286,-0.5427863001823425,0.5011201500892639,0.4,0.5,-0.29,0.3998469215605253,0.4999960878966115,-0.2989631305171799,0.0029427431756847,0.0005524309858916,0.0024458908619222,0.0054181109490326,2.7193881806164555e-05,0.0035707860920458,0.0018470165134859,0.0089644384643537,0.0069121991071483,0.0294274317568478,0.0055243098589162,0.0244589086192222,-0.0541811094903264,0.0002719388180617,0.0357078609204588,0.0184701651348598,1,-0.1184372454881668,-0.8891898393630981,-0.3297393918037415,-0.7641962170600891,0.2493727803230286,-0.5427863001823425,-0.5011201500892639,0.4,-0.5,-0.29,0.3998481241728824,-0.5000013272819864,-0.2989561954610211,0.0029430746846737,0.0005507749979001,0.0024457771855957,0.005418000776455,2.732599122401425e-05,0.0035707016674778,0.0018472600805424,0.0089574831936517,0.0071279712330465,0.029430746846737,-0.0055077499790012,-0.0244577718559575,-0.0541800077645509,-0.0002732599122402,0.0357070166747786,-0.0184726008054251
2,-0.1154914200305938,0.8897253274917603,0.3321852684020996,-0.7696143388748169,-0.2493846416473388,-0.5427899956703186,0.5010724663734436,0.4,0.5,-0.28,0.3998547847959269,0.4998311214021699,-0.296780058065709,0.0056596170189889,0.0010200466899891,0.00475832462925,0.0103358113254931,1.7290387965829268e-05,0.0071394113485963,0.0036670656624164,0.0167815361670159,0.2120700966091249,0.0565961701898899,0.0102004668998908,0.0475832462924999,-0.1033581132549307,0.0001729038796583,0.0713941134859627,0.036670656624165,2,-0.1184372454881668,-0.8891898393630981,-0.3296505510807037,-0.7640855312347412,0.2493907809257507,-0.5428047180175781,-0.5010865330696106,0.4,-0.5,-0.28,0.3998338302811066,-0.49999312864762,-0.2979927246722158,0.0060110305319436,0.0010906794465945,0.0049887500029678,0.010959611371458,7.644138906759412e-05,0.007161931770344,0.0037338703550703,0.0179934932884396,0.0008467179344506,0.0601103053194366,-0.010906794465946,-0.0498875000296781,-0.1095961137145811,-0.000764413890676,0.0716193177034409,-0.0373387035507031
3,-0.1154914200305938,0.8897253274917603,0.3321852684020996,-0.7696143388748169,-0.2493455857038498,-0.5392155051231384,0.5029671788215637,0.4,0.5,-0.27,0.3998532066582275,0.4999820099834122,-0.2960522596948092,0.0086752175202464,0.001588679374797,0.0072160204750507,0.0157890321800105,7.41058581495424e-05,0.0103286836388218,0.0053908081258952,0.0260526794616535,0.0064413871501756,0.0867521752024646,0.0158867937479696,0.0721602047505077,-0.1578903218001056,0.0007410585814952,0.1032868363882183,0.0539080812589519,3,-0.1154941692948341,-0.8897405862808228,-0.3321851789951324,-0.7696142196655273,0.249345451593399,-0.539215624332428,-0.5029674172401428,0.4,-0.5,-0.27,0.3998542741028724,-0.4999867131615889,-0.2960460211466626,0.0086755465403956,0.0015872263721101,0.007216003702021,0.0157888264494541,7.420383600198477e-05,0.0103285637416901,0.005391019514351,0.0260464321961677,0.0068387919260999,0.086755465403956,-0.0158722637211013,-0.0721600370202099,-0.1578882644945408,-0.0007420383600199,0.1032856374169014,-0.0539101951435101
4,-0.109831802546978,0.8907454013824463,0.3369435966014862,-0.7799501419067384,-0.249367356300354,-0.5356506109237671,0.50473952293396,0.4,0.5,-0.26,0.3998495401844896,0.4998216115874681,-0.2930788180752425,0.0109155171473545,0.0020275994239294,0.0092049073671474,0.0199314509892275,1.6625045402923755e-05,0.0134170077963693,0.0069576149960571,0.0330796412591914,0.1927315312870519,0.1091551714735457,0.0202759942392953,0.0920490736714738,-0.1993145098922752,-0.0001662504540292,0.1341700779636935,0.0695761499605718,4,-0.1124262139201164,-0.890280544757843,-0.334639310836792,-0.7750451564788818,0.2493143379688263,-0.5356428027153015,-0.5048204064369202,0.4,-0.5,-0.26,0.3998353049473527,-0.4999687943561737,-0.2941688932113683,0.0112638756464939,0.0020935260098445,0.0094181718205796,0.0205392120822327,4.858350765729602e-05,0.0134575011523,0.0070318890085492,0.03416930437604,0.0036484304341684,0.1126387564649395,-0.0209352600984458,-0.0941817182057966,-0.2053921208223273,-0.0004858350765728,0.134575011523,-0.0703188900854918
5,-0.1068162024021148,0.8913140296936036,0.3369435966014862,-0.7799501419067384,-0.249367356300354,-0.5356506109237671,0.5083580017089844,0.4,0.5,-0.25,0.3992391488733588,0.4999969929779498,-0.2926923354597966,0.0136435697794628,0.0025976751258732,0.0115938169310215,0.0253039676170334,0.0001322255628326,0.0168808719612336,0.0086264150121487,0.0426991148677686,0.1088993782877878,0.1364356977946289,0.0259767512587323,0.1159381693102153,-0.2530396761703347,0.0013222556283267,0.1688087196123367,0.0862641501214873,5,-0.1068186238408088,-0.8913277983665467,-0.3394011855125427,-0.7854030728340149,0.2492712438106537,-0.5288870334625244,-0.5083584189414978,0.4,-0.5,-0.25,0.3998468400377244,-0.4999512117257996,-0.291406870845222,0.0133853972194299,0.0025731094902551,0.0112870096208965,0.024506877677849,6.619704370086632e-05,0.0161435886663057,0.0084324669645864,0.0414071828486633,0.0085631666596555,0.1338539721942993,-0.0257310949025514,-0.1128700962089651,-0.2450687767784904,0.0006619704370087,0.1614358866630567,-0.0843246696458645
6,-0.0989162847399711,0.8927729725837708,0.3461484909057617,-0.7998815774917603,-0.2493839859962463,-0.5222336053848267,0.5116971135139465,0.4,0.5,-0.24,0.3998290591025351,0.4997867252196609,-0.2877269968811067,0.0150690832742454,0.0030049241682743,0.012924159821522,0.027780257286719,0.0002843382633219,0.0187269747676515,0.0097335136622734,0.0477277795231615,0.1772838912065708,0.1506908327424541,0.0300492416827441,0.1292415982152205,-0.2778025728671905,-0.002843382633219,0.1872697476765153,0.0973351366227345,6,-0.1011623367667198,-0.8923740983009338,-0.3440574705600738,-0.7955843806266785,0.2492657601833343,-0.5221853256225586,-0.5118523240089417,0.4,-0.5,-0.24,0.3998222950569735,-0.4999209402211996,-0.2887063100065986,0.0153981283745122,0.0030673130141529,0.0131161110568045,0.0283481293784418,0.0002197837512778,0.0187720989794281,0.0098064710082513,0.0487066983479098,0.0090267261730332,0.1539812837451221,-0.0306731301415292,-0.1311611105680452,-0.2834812937844192,0.0021978375127781,0.1877209897942809,-0.0980647100825141
7,-0.0931726321578026,0.8939117193222047,0.348537415266037,-0.8052541017532349,-0.2492351233959198,-0.5187697410583496,0.5169844031333923,0.4,0.5,-0.23,0.3992754171867833,0.4999319669450726,-0.2863649133968831,0.0172028956081076,0.003567525999802,0.0149208244848692,0.0321552142304176,0.0002899996596369,0.0216411879544339,0.011129008243393,0.0563696115916005,0.0973346174061475,0.1720289560810763,0.0356752599980206,0.1492082448486918,-0.3215521423041768,-0.0028999965963693,0.2164118795443391,0.1112900824339302,7,-0.0934332236647605,-0.8939009308815002,-0.3506881892681122,-0.8099099397659302,0.2493374347686767,-0.5127434730529785,-0.5167908668518066,0.4,-0.5,-0.23,0.39982511146234,-0.4998907352544048,-0.2852110661537066,0.0169384745303085,0.0035453032336492,0.0146263143993612,0.0314143122840901,0.0004778545345349,0.0209731222229637,0.010949972625696,0.0552114512634309,0.0138876285798232,0.169384745303086,-0.035453032336492,-0.146263143993613,-0.3141431228409025,0.0047785453453493,0.2097312222296379,-0.1094997262569611
8,-0.08384720236063,0.8957778811454773,0.3590726554393768,-0.8276618123054504,-0.2496683299541473,-0.503506600856781,0.5214306116104126,0.4,0.5,-0.22,0.3997944080904637,0.4997245206964477,-0.280891491375712,0.0180658694369428,0.0039805650261116,0.01592974518435,0.0338327609361961,0.0008391814148084,0.0230737094903423,0.012001829560689,0.0608924615928635,0.1657192410923471,0.1806586943694281,0.0398056502611167,0.1592974518435001,-0.3383276093619612,-0.0083918141480848,0.2307370949034234,0.1200182956068908,8,-0.0764947459101677,-0.8974462151527405,-0.3571735918521881,-0.8239325284957886,0.2494855374097824,-0.503413200378418,-0.5216587781906128,0.4,-0.5,-0.22,0.3980394088260597,-0.5004355048791077,-0.2836003580657781,0.0176617599720603,0.0038916844848477,0.0161815448732887,0.0344178453650231,0.0006818635211426,0.0230658134985957,0.0122203991316218,0.0636320605382715,0.4935765670952362,0.1766175997206038,-0.0389168448484779,-0.161815448732887,-0.3441784536502313,0.0068186352114261,0.2306581349859568,-0.1222039913162188
9,-0.0759697332978248,0.897479236125946,0.3634582459926605,-0.8374093174934388,-0.2495251297950744,-0.4971285462379455,0.5281134247779846,0.4,0.5,-0.21,0.3992928781539516,0.4998415173538677,-0.2786536447566302,0.0196034992521321,0.0045473427316766,0.0175572345927457,0.0372277630498786,0.0010149827395576,0.0254616486960569,0.0131366600691921,0.068657469196176,0.0880626179068144,0.1960349925213217,0.0454734273167669,0.1755723459274571,-0.3722776304987863,-0.0101498273955765,0.2546164869605695,0.1313666006919216,9,-0.0764947459101677,-0.8974462151527405,-0.3653145134449005,-0.841324269771576,0.2498152852058411,-0.4917703568935394,-0.5277408361434937,0.4,-0.5,-0.21,0.3997904609121818,-0.4998044880005714,-0.2776183536133927,0.0193545241003347,0.0045247317239475,0.0172877999705627,0.0365642896038804,0.0011853870187215,0.0248666331338658,0.0129788971951206,0.0676189609278127,0.022596888857663,0.1935452410033477,-0.0452473172394753,-0.1728779997056272,-0.3656428960388042,0.0118538701872161,0.2486663313386587,-0.1297889719512064
10,-0.065781332552433,0.8997584581375122,0.3750024139881134,-0.8614946007728577,-0.25050750374794,-0.4804328978061676,0.5334324240684509,0.4,0.5,-0.1999999999999999,0.3997478895554994,0.4996358526790445,-0.2727260081684109,0.0199768092964988,0.0049693301101996,0.0183032057875367,0.0382125653627428,0.0016849687978412,0.0265366296588009,0.0138166112734987,0.0727273567996209,0.157935613667064,0.1997680929649887,0.0496933011019961,0.1830320578753675,-0.3821256536274282,-0.0168496879784123,0.2653662965880092,0.1381661127349871,10,-0.0588329844176769,-0.9013379216194152,-0.3733551502227783,-0.8583503961563111,0.2501673996448517,-0.4803473949432373,-0.5338791608810425,0.4,-0.5,-0.1999999999999999,0.3982015470561757,-0.5002644779447584,-0.2751626056639977,0.0196278488124328,0.0048970754460522,0.0185358734849329,0.0387294155643436,0.0015433104093747,0.026517531591761,0.0140141356969379,0.075184584003478,0.4485795751048776,0.196278488124328,-0.048970754460522,-0.1853587348493292,-0.3872941556434356,0.015433104093748,0.2651753159176107,-0.1401413569693798
11,-0.0563662350177764,0.90202659368515,0.3810154795646667,-0.8746370673179626,-0.25050750374794,-0.4804328978061676,0.5334324240684509,0.4,0.5,-0.1899999999999999,0.3992542342344103,0.4992928160732696,-0.2690225952243908,0.0211846682981921,0.0053226825399734,0.0200266311771839,0.0410611210427859,0.0020895590559266,0.0295298178553578,0.0153078577899675,0.0790292783193752,0.6547564037057327,0.211846682981921,0.0532268253997348,0.2002663117718396,-0.4106112104278591,-0.0208955905592666,0.2952981785535777,0.1530785778996753,11,-0.0571402199566364,-0.90197092294693,-0.3826023042201996,-0.8778885602951051,0.2510006725788116,-0.4669037163257599,-0.540719747543335,0.4,-0.5,-0.1899999999999999,0.3997450339211223,-0.4996942401105902,-0.2687747977491319,0.0207474441444731,0.0055207685597453,0.0193729775154565,0.0401412566410498,0.0021746055020132,0.0279296212120639,0.0145900572503083,0.0787758037548839,0.034106947521991,0.2074744414447317,-0.0552076855974532,-0.1937297751545658,-0.4014125664104984,0.0217460550201318,0.2792962121206394,-0.1459005725030834
12,-0.0458045229315757,0.904727816581726,0.393305629491806,-0.8997071385383606,-0.2521924674510956,-0.4538962543010711,0.5472490191459656,0.4,0.5,-0.1799999999999999,0.3996919486682069,0.4995236720190655,-0.2633702778893806,0.020937256193037,0.0059768642622024,0.0201539738678885,0.0411346919726315,0.002796814350616,0.0292330709361909,0.0152562368619654,0.0833722077152872,0.1537882203570575,0.2093725619303702,0.0597686426220248,0.201539738678885,-0.4113469197263157,-0.0279681435061599,0.2923307093619101,0.1525623686196542,12,-0.0363927744328975,-0.907491683959961,-0.3918910324573517,-0.8970798254013062,0.2517107129096985,-0.4538298547267914,-0.5478932857513428,0.4,-0.5,-0.1799999999999999,0.3978786847258989,-0.5003908887811869,-0.265885009321176,0.0204469847220773,0.0058231211871834,0.0204135937504434,0.0415914032583667,0.002634439597307,0.029170315811173,0.0154936477178099,0.0859120922724495,0.5683768708245946,0.204469847220773,-0.0582312118718338,-0.2041359375044348,-0.4159140325836678,0.0263443959730707,0.2917031581117306,-0.1549364771780987
13,-0.0351815670728683,0.9073492884635926,0.401042103767395,-0.9156981706619264,-0.2525970637798309,-0.4509030878543854,0.5487402677536011,0.4,0.5,-0.1699999999999999,0.3992101781583232,0.4991708188350976,-0.2590296992045912,0.0216214718658579,0.0063510909193645,0.0215478095046541,0.0431671284290224,0.0033456250487509,0.0317089758900445,0.0165008215362866,0.0890370636331062,0.603279714315363,0.2162147186585793,0.0635109091936464,0.2154780950465418,-0.4316712842902242,-0.0334562504875098,0.3170897589004454,0.1650082153628662,13,-0.0363927744328975,-0.907491683959961,-0.4019752740859986,-0.9180298447608948,0.253175288438797,-0.4389740824699402,-0.5553098320960999,0.4,-0.5,-0.1699999999999999,0.3996908741973839,-0.4995635009685416,-0.2588122707486803,0.0212673576025702,0.0065359717754841,0.020993023377139,0.0423828569448181,0.0034122147823054,0.0302881735442234,0.0158677048082444,0.0888138813795637,0.0479656923423021,0.2126735760257027,-0.0653597177548415,-0.2099302337713907,-0.4238285694481815,0.0341221478230546,0.3028817354422348,-0.1586770480824439
14,-0.0248672664165496,0.9107046723365784,0.4134595990180969,-0.940841853618622,-0.2525970637798309,-0.4509030878543854,0.5487402677536011,0.4,0.5,-0.16,0.3994695888345271,0.4982260173208548,-0.2508423437549041,0.0218672019768041,0.0065447978169931,0.0225151640643256,0.0437736178467652,0.0041771133621515,0.0343509700071559,0.0175902298530178,0.0908612115780685,1.706563777435406,0.218672019768041,0.0654479781699308,0.2251516406432562,-0.4377361784676521,-0.0417711336215152,0.34350970007156,0.1759022985301785,14,-0.015945790335536,-0.9133148193359376,-0.4123046398162842,-0.9386712312698364,0.2543451488018036,-0.4246595501899719,-0.5633869171142578,0.4,-0.5,-0.16,0.3980403568396301,-0.5001535264860466,-0.2552123260639389,0.0206626133756742,0.006872782500492,0.0218255238979409,0.043228255127755,0.003995255922464,0.03121565640864,0.0166124410654996,0.0952326141938974,0.5212335571184631,0.2066261337567422,-0.0687278250049205,-0.218255238979409,-0.4322825512775504,0.039952559224641,0.3121565640864005,-0.1661244106549965
15,-0.0135600948706269,0.9137004017829896,0.4225899279117584,-0.9588652849197388,-0.255942702293396,-0.4191941022872925,0.5652410984039307,0.4,0.5,-0.15,0.3991585272565607,0.4990319595579198,-0.2480398551350571,0.0213353923953208,0.0074013640178092,0.0227054852080702,0.0441836989124868,0.0048114055266219,0.0333234394464606,0.0174528460557709,0.0980482451325796,0.5593974687886885,0.2133539239532079,0.0740136401780925,0.2270548520807026,-0.4418369891248686,-0.0481140552662189,0.3332343944646059,0.1745284605577088,15,-0.015125417150557,-0.9140276312828064,-0.4229682981967926,-0.9604126811027528,0.2565875053405761,-0.4086859226226806,-0.5711775422096252,0.4,-0.5,-0.15,0.3996294639592098,-0.4994168374789515,-0.2478488434970043,0.0210615842885927,0.0075703222045782,0.0222438114163003,0.0435263664835348,0.0048591264207547,0.032064728410604,0.0168944261898428,0.0978512828182886,0.0637553870080864,0.210615842885927,-0.0757032220457823,-0.2224381141630031,-0.4352636648353487,0.0485912642075475,0.3206472841060411,-0.1689442618984286
16,-0.0030000645201653,0.9172494411468506,0.4359747767448425,-0.984615445137024,-0.2567741870880127,-0.4165521264076233,0.5663304924964905,0.4,0.5,-0.14,0.3992951830771614,0.4981294914635359,-0.2396730044828763,0.021205722243036,0.007631404018903,0.0234463922641907,0.0443211758982224,0.0057282315210701,0.0355490441007203,0.018393173128776,0.0996930458543783,1.5503113117771932,0.2120572224303606,0.0763140401890302,0.2344639226419076,-0.4432117589822241,-0.057282315210701,0.3554904410072037,0.183931731287761,16,0.0059361672028899,-0.921597957611084,-0.4452120959758758,-1.0039390325546265,0.2583404183387756,-0.3934438824653625,-0.5799993872642518,0.4,-0.5,-0.14,0.3994804689041487,-0.4986209957965938,-0.235594803018749,0.0190511948291107,0.0076463441145011,0.0217375711165461,0.0406386051528047,0.0060459165863454,0.0324793650848,0.0169789557270022,0.095606160519843,1.052905644890302,0.1905119482911079,-0.0764634411450116,-0.2173757111654615,-0.4063860515280481,0.0604591658634542,0.3247936508480005,-0.1697895572700227
17,0.0077752973884344,0.9211017489433287,0.4452954232692719,-1.0030490159988403,-0.2607541084289551,-0.3858706653118133,0.5826939344406128,0.4,0.5,-0.13,0.3991007495127229,0.4988819300210118,-0.2361577498337271,0.0204570508412784,0.008473512699099,0.0235724536585648,0.0443251202582677,0.0064463308929621,0.0344801119723262,0.0182380161130025,0.1061674459600351,0.5221739354543615,0.2045705084127845,0.0847351269909905,0.2357245365856486,-0.4432512025826763,-0.0644633089296213,0.3448011197232621,0.1823801611300254,17,0.0059361672028899,-0.921597957611084,-0.4452120959758758,-1.0039390325546265,0.2614466249942779,-0.3766211867332458,-0.5880719423294067,0.4,-0.5,-0.13,0.3995616525333806,-0.4992593033708669,-0.235989584102593,0.0202555365741583,0.0086246066775207,0.0231944645091728,0.0437811122150608,0.0064769903474218,0.0333656540731012,0.0177437678216692,0.1059930786336473,0.0810508835421615,0.2025553657415839,-0.0862460667752076,-0.2319446450917288,-0.4378111221506082,0.0647699034742182,0.333656540731012,-0.1774376782166915
18,0.0182056576013565,0.924880862236023,0.459421157836914,-1.0289366245269775,-0.2625024318695068,-0.3810030817985534,0.5847236514091493,0.4,0.5,-0.12,0.3991295757415876,0.498020124563478,-0.2276316571943399,0.0200094125319109,0.0087443776056581,0.0241145605540926,0.0440827167951627,0.0074295063364581,0.0363513700666929,0.0190712912373008,0.1076533844128166,1.4110729845071432,0.2000941253191096,0.0874437760565817,0.2411456055409266,-0.4408271679516273,-0.0742950633645813,0.3635137006669297,0.1907129123730086,18,0.0249873623251914,-0.9292442798614502,-0.4669496715068817,-1.0445775985717771,0.2643863260746002,-0.3609645068645477,-0.5969783663749695,0.4,-0.5,-0.12,0.3993481017313082,-0.4985074592256768,-0.2239758688842236,0.0182340222965258,0.0087479925036455,0.0226797495060113,0.0409798028209609,0.0076597367466222,0.0336767856642221,0.017854422136339,0.1039886241833451,0.9618981376628426,0.1823402229652582,-0.0874799250364555,-0.2267974950601132,-0.4097980282096102,0.0765973674662221,0.3367678566422208,-0.1785442213633906
19,0.0282323490828275,0.929575264453888,0.459421157836914,-1.0289366245269775,-0.2625024318695068,-0.3810030817985534,0.5847236514091493,0.4,0.5,-0.11,0.3978440285304329,0.4988050747375241,-0.2276955442177324,0.0211881808947279,0.0091132674229503,0.0263910391574501,0.0478025094119574,0.0078711387065508,0.0390061804733684,0.0208106641223925,0.117721354002019,1.4382765192280544,0.2118818089472793,0.0911326742295035,0.2639103915745012,-0.478025094119575,-0.0787113870655084,0.3900618047336838,0.2081066412239251,19,0.0261917039752006,-0.9302225708961488,-0.4684065580368042,-1.047720193862915,0.2679236233234405,-0.3432555198669433,-0.6058157086372375,0.4,-0.5,-0.11,0.3994877088203414,-0.499096033102019,-0.2233278112149136,0.01894767541388,0.0097029489895111,0.0238851250285009,0.0433192659411985,0.0082298871840336,0.0342770601325037,0.0184783942780357,0.1133325742810446,0.0993954342601455,0.1894767541388007,-0.0970294898951117,-0.2388512502850098,-0.433192659411985,0.0822988718403364,0.3427706013250374,-0.1847839427803577
20,0.0382150709629058,0.9336252212524414,0.4835357069969177,-1.0730193853378296,-0.2699319422245025,-0.3446516990661621,0.6037949323654175,0.4,0.5,-0.1,0.3989726248171559,0.4979043706241713,-0.214808521184431,0.0183675702160948,0.0098891794978961,0.024548710362403,0.0432138483674362,0.0092441709333529,0.036831124382306,0.0196807385684124,0.1148322415474117,1.2869113941958403,0.1836757021609488,0.098891794978961,0.2454871036240302,-0.4321384836743621,-0.0924417093335294,0.3683112438230606,0.1968073856841245,20,0.0432213842868804,-0.9379922747612,-0.4896294176578522,-1.085557460784912,0.2720460593700409,-0.3272877335548401,-0.6148327589035034,0.4,-0.5,-0.1,0.399217795726746,-0.4983859353724477,-0.2115295476919875,0.0169156002142628,0.0098805010072886,0.0233411276387109,0.0406095438363274,0.0093987146592601,0.0344993306843208,0.0186307920234136,0.1115439691625071,0.8814433224804361,0.1691560021426289,-0.098805010072886,-0.2334112763871104,-0.4060954383632752,0.093987146592601,0.344993306843208,-0.1863079202341365
21,0.0494205318391323,0.9386885166168212,0.4858121871948242,-1.0767391920089722,-0.2699319422245025,-0.3446516990661621,0.6037949323654175,0.4,0.485,-0.1,0.3977800497887882,0.4969760555505627,-0.2146630439425829,0.0196863355855053,0.0066476227716211,0.0250434002698982,0.0492245666690405,0.0071764653996677,0.0408459805346206,0.0198893424270552,0.1153081425211121,1.475196774779988,0.196863355855053,0.0664762277162115,0.2504340026989823,-0.4922456666904045,-0.0717646539966772,0.4084598053462066,0.1988934242705521,21,0.045139379799366,-0.9399254918098452,-0.4922916889190674,-1.0910394191741943,0.2761535048484802,-0.3089784681797027,-0.624294102191925,0.4,-0.485,-0.1,0.3993827876253181,-0.4974812564752505,-0.2109534006810871,0.0178923922317804,0.0072128943264356,0.0228399916528283,0.0455091844643291,0.00731884210501,0.0364622992311106,0.0177646911218983,0.1116549140746358,0.1142057942840892,0.1789239223178045,-0.0721289432643566,-0.2283999165282836,-0.455091844643292,0.0731884210501006,0.3646229923111061,-0.1776469112189841
22,0.0565826408565044,0.9435144066810608,0.4858121871948242,-1.0767391920089722,-0.2703735828399658,-0.3419969081878662,0.6055343151092529,0.4,0.47,-0.1,0.3970313721029094,0.496372823644154,-0.2151254857191716,0.0213663404521106,0.0035210054742613,0.0256358147617806,0.055607433080101,0.0050534401490531,0.0446225213183231,0.0199766702071807,0.1181448942639174,1.541444496389829,0.2136634045211068,0.0352100547426137,0.2563581476178065,-0.5560743308010103,-0.0505344014905319,0.4462252131832309,0.1997667020718077,22,0.0601369850337505,-0.9478727579116822,-0.5129705667495728,-1.126167058944702,0.281444787979126,-0.292788416147232,-0.6334635615348816,0.4,-0.47,-0.1,0.3990455464983838,-0.4953603158820884,-0.2003597846577075,0.0164266694024978,0.0038712381927984,0.0204749419694199,0.0462217039319112,0.0056348580009346,0.0382802157187979,0.0165579645736778,0.1035188049567202,0.8053524089473854,0.1642666940249783,-0.0387123819279842,-0.2047494196941992,-0.4622170393191133,0.0563485800093467,0.3828021571879789,-0.1655796457367789
23,0.0691068693995475,0.9453361630439758,0.5108556151390076,-1.125963807106018,-0.2771084010601043,-0.3038057088851928,0.623684287071228,0.4,0.455,-0.1,0.397662579318306,0.4925416877195243,-0.2031917453702179,0.0181232117566639,0.0010889775308876,0.0213723385297395,0.0533286980583316,0.0038289075500071,0.0438204958079759,0.0175085428775442,0.109833410967817,1.3414499984544364,0.1812321175666393,0.0108897753088768,0.2137233852973953,-0.5332869805833153,-0.0382890755000721,0.4382049580797595,0.1750854287754422,23,0.0630317702889442,-0.9471383690834044,-0.5151316523551941,-1.136548638343811,0.281444787979126,-0.292788416147232,-0.6334635615348816,0.4,-0.455,-0.1,0.3990825580105701,-0.4920998719564896,-0.1982816998021221,0.0175311036200584,0.0011968282906951,0.0202475355593297,0.0511318754656098,0.0037523378536161,0.0423569905506445,0.0164779542943361,0.1050549128550699,1.2188280001599878,0.1753110362005849,-0.0119682829069506,-0.2024753555932975,-0.5113187546560973,0.0375233785361611,0.4235699055064457,-0.1647795429433615
24,0.0779489800333976,0.9470354318618774,0.5114480257034302,-1.1323466300964358,-0.2754270136356354,-0.2973743975162506,0.6255109906196594,0.4,0.44,-0.1,0.3969593618150682,0.4904978743668339,-0.2036190598705317,0.0189183788978185,0.0015937127426171,0.0212320787300875,0.0586252024146818,0.0020013466559092,0.0471654718768298,0.0174374234186025,0.1153091078995629,1.3985926465234684,0.1891837889781854,-0.0159371274261711,0.2123207873008756,-0.5862520241468184,-0.0200134665590921,0.4716547187682987,0.174374234186025,24,0.0765636563301086,-0.951744019985199,-0.5334455370903015,-1.172388792037964,0.2870796322822571,-0.2545081973075866,-0.6500215530395508,0.4,-0.44,-0.1,0.3988344615834348,-0.4897029774308641,-0.1903195074180558,0.015134330888579,0.0012915655997899,0.0167295754331656,0.0511045163374919,0.0021304653611745,0.0418546484616849,0.0146614971637017,0.1030987772261811,0.733162969352577,0.1513433088857908,0.0129156559978992,-0.1672957543316568,-0.5110451633749185,0.0213046536117451,0.4185464846168493,-0.1466149716370176
25,0.0872300788760185,0.9464251399040224,0.5322279334068298,-1.1792925596237185,-0.2809373140335083,-0.2599852085113525,0.6411928534507751,0.4,0.425,-0.1,0.3975009655797733,0.4856280858207663,-0.1928882956379978,0.015820665014529,0.0035985104275297,0.0167315282725334,0.0567943596209492,0.0006054439642021,0.0466409316193889,0.0153141934989808,0.1109515454144545,1.21317371033399,0.1582066501452908,-0.0359851042752976,0.1673152827253341,-0.5679435962094931,-0.0060544396420213,0.4664093161938898,0.1531419349898094,25,0.080562874674797,-0.9483351707458496,-0.53537917137146,-1.18768048286438,0.2851971387863159,-0.2504314184188843,-0.6499415040016175,0.4,-0.425,-0.1,0.3987790944703582,-0.4852765200334224,-0.1884516705309149,0.015513227197699,0.0035249898635847,0.015827422752806,0.0550809412617558,0.0004578375170065,0.0454382819443076,0.014455948662713,0.107044138080333,1.1011093521893258,0.1551322719769904,0.0352498986358469,-0.1582742275280603,-0.55080941261756,0.0045783751700648,0.4543828194430768,-0.1445594866271299
26,0.0968673601746559,0.945441722869873,0.532680094242096,-1.190971851348877,-0.2774283587932586,-0.2502089142799377,0.6429483890533448,0.4,0.41,-0.1,0.3968386599965008,0.4822873525951699,-0.1932829653999604,0.0158207552633876,0.0058076111119581,0.0158229832047152,0.0610395904544536,0.0010419913704926,0.0495565211076423,0.0150942592688367,0.1180557793995972,1.259251543949631,0.158207552633876,-0.0580761111195817,0.1582298320471517,-0.6103959045445366,0.0104199137049264,0.4955652110764236,0.1509425926883673,26,0.0916979908943176,-0.950452446937561,-0.550175130367279,-1.2234933376312256,0.2892101109027862,-0.2126535475254058,-0.6646830439567567,0.4,-0.41,-0.1,0.3985942312543064,-0.4816587222054795,-0.1812817874346817,0.0130705829674859,0.0055397005802663,0.0119986558868664,0.0550285656433773,0.0012585194334898,0.0450872885922732,0.0128700225385035,0.1083682500664527,0.664616419146455,0.1307058296748597,0.0553970058026635,-0.119986558868664,-0.550285656433773,-0.0125851943348986,0.450872885922733,-0.1287002253850359
27,0.1030507460236549,0.9428266286849976,0.5489594340324402,-1.2360869646072388,-0.2815427482128143,-0.2133442759513855,0.6565070748329163,0.4,0.395,-0.1,0.3973109152056902,0.4764601350813336,-0.1836194226406422,0.0129064369665932,0.0073616013291989,0.0111440653055996,0.0594386767465238,0.0026256295771273,0.0491959979769862,0.0132464288103452,0.1167698275551285,1.0899222240024642,0.129064369665932,-0.0736160132919896,0.1114406530559963,-0.5943867674652381,0.0262562957712737,0.4919599797698627,0.1324642881034521,27,0.096076101064682,-0.944810152053833,-0.5512065887451172,-1.2427613735198977,0.2856549620628357,-0.2049931436777115,-0.6643974781036377,0.4,-0.395,-0.1,0.3984629284788372,-0.4761798138653229,-0.179601764279275,0.0128251052098738,0.0073172034394836,0.0104359938071184,0.0581055023097365,0.0028191694700758,0.0482024056463512,0.0125307946764308,0.1137056095557422,0.9919885513552344,0.1282510520987384,0.0731720343948359,-0.1043599380711841,-0.5810550230973649,-0.0281916947007586,0.4820240564635123,-0.1253079467643085
28,0.1159571856260299,0.9354650378227234,0.5485031008720398,-1.2520114183425903,-0.2763863801956177,-0.2006523907184601,0.6580426692962646,0.4,0.38,-0.1,0.3959842088345865,0.4713714924975172,-0.1862878714466773,0.0119860723531344,0.0087339879990964,0.0095014189765819,0.062815610455384,0.0042305299666339,0.0517235667798643,0.012880641493104,0.1257397032711082,0.9519879091677694,0.1198607235313446,-0.0873398799909646,0.0950141897658197,-0.6281561045538401,0.042305299666339,0.5172356677986432,0.1288064149310407,28,0.1089012026786804,-0.9374929666519166,-0.5621737837791443,-1.2785218954086304,0.2879515886306762,-0.1675662547349929,-0.6775530576705933,0.4,-0.38,-0.1,0.3973560853422689,-0.4704926174524846,-0.1767766235275526,0.0100055420266419,0.0082319606800481,0.0062991942245785,0.0580409451417214,0.0046901138741165,0.0479497456453771,0.0110523299849419,0.1187036394488839,0.2188179613092415,0.1000554202664193,0.0823196068004812,-0.0629919422457853,-0.5804094514172147,-0.0469011387411656,0.4794974564537714,-0.1105232998494194
29,0.1159571856260299,0.9354650378227234,0.5601034760475159,-1.2955256700515747,-0.2789171040058136,-0.1641482710838318,0.6697534918785095,0.4,0.365,-0.1,0.3971056597647227,0.4652443561832531,-0.1752688937824215,0.0095714407168582,0.0101998419224802,0.0047570986504376,0.0611975652030294,0.0059592507977004,0.0514575419033846,0.0112136670069208,0.1253902489160219,0.9714107374151126,0.0957144071685829,-0.1019984192248026,0.0475709865043755,-0.6119756520302947,0.0595925079770051,0.5145754190338467,0.1121366700692085,29,0.1089012026786804,-0.9374929666519166,-0.561642587184906,-1.3008668422698977,0.2828357815742492,-0.1567907333374023,-0.6769282817840577,0.4,-0.365,-0.1,0.3981446181173733,-0.4650204898027035,-0.1716236059946631,0.0096598656882348,0.010179695699118,0.0042123412995592,0.0601608502443267,0.0061797933738811,0.0506317479242268,0.0106137946650702,0.1230344738598977,0.8915486664241712,0.0965986568823485,0.1017969569911799,-0.0421234129955929,-0.6016085024432672,-0.0617979337388121,0.5063174792422681,-0.1061379466507028
30,0.1279432624578476,0.9267310500144958,0.5580044984817505,-1.3148270845413208,-0.2721558511257171,-0.1489288210868835,0.6709232926368714,0.4,0.35,-0.1,0.3959019837605187,0.459166652675065,-0.1776617880332077,0.0081868388859843,0.0111387547310494,0.0025414142019447,0.0636563879684997,0.0075368358077345,0.0536280777844275,0.0106651583873932,0.134035462150478,0.8302087142786831,0.081868388859843,-0.1113875473104944,0.0254141420194472,-0.6365638796849968,0.0753683580773455,0.5362807778442752,0.1066515838739325,30,0.1189067438244819,-0.929261028766632,-0.5684729814529419,-1.3365628719329834,0.2832614779472351,-0.1196165084838867,-0.6886053681373596,0.4,-0.35,-0.1,0.3972040498870283,-0.4584327630521578,-0.1690320318650749,0.0069257264786949,0.0106979802665764,7.716843555760633e-05,0.059829216898485,0.0081551815781355,0.0504179295683983,0.0091796966258013,0.1285725587502261,0.1990833654708126,0.0692572647869491,0.1069798026657637,0.0007716843555757,-0.5982921689848498,-0.0815518157813555,0.5041792956839831,-0.0917969662580133
31,0.1255286335945129,0.9252651929855348,0.5648605823516846,-1.3567231893539429,-0.2729578614234924,-0.112690731883049,0.680967152118683,0.4,0.3349999999999999,-0.1,0.3968933865591346,0.4521723579091981,-0.1677348143031158,0.0059732050490253,0.0121679004908522,0.0022422402536247,0.0620730303851242,0.0094484433684559,0.0534518247801996,0.0090876530051858,0.1353773155803799,0.8576872134705695,0.0597320504902533,-0.1216790049085223,-0.0224224025362473,-0.6207303038512433,0.0944844336845597,0.5345182478019965,0.0908765300518591,31,0.118561066687107,-0.927313268184662,-0.5658549070358276,-1.361027717590332,0.2766560018062591,-0.1061589866876602,-0.6875420808792115,0.4,-0.3349999999999999,-0.1,0.3978304829610186,-0.4519932570788045,-0.1644219122373958,0.0061818406598308,0.0121666785879257,0.0026581249028478,0.0612658887018013,0.0096833447708251,0.0527612517573823,0.0085816720843159,0.1335751166288558,0.80006557269013,0.0618184065983082,0.121666785879257,0.0265812490284791,-0.6126588870180134,-0.0968334477082508,0.5276125175738234,-0.0858167208431592
32,0.1361300945281982,0.9155923128128052,0.5605459213256836,-1.3784834146499634,-0.2729578614234924,-0.112690731883049,0.680967152118683,0.4,0.32,-0.1,0.3956179363762493,0.4436363045696825,-0.1691407620306327,0.0048464837511293,0.0131475908387375,0.0040809240213584,0.0643320782458822,0.0117300489133762,0.0571297979567573,0.0086613313553035,0.1417236157576657,1.4453407286821405,0.0484648375112938,-0.1314759083873756,-0.0408092402135835,-0.643320782458823,0.1173004891337627,0.5712979795675732,0.0866133135530352,32,0.1258324682712555,-0.9185630679130554,-0.5683957934379579,-1.3963921070098877,0.2751063108444214,-0.0691985785961151,-0.6977850794792175,0.4,-0.32,-0.1,0.3970328902592038,-0.4445873440294432,-0.1620350111251176,0.0035408069335577,0.0123349772131353,0.0070339814600736,0.0606507215982097,0.0117611817123794,0.0525901076643796,0.0070971269913088,0.1392090249869534,0.1940241287315416,0.035408069335577,0.1233497721313531,0.070339814600736,-0.6065072159820968,-0.1176118171237949,0.5259010766437969,-0.0709712699130882
33,0.1315018385648727,0.9130973219871522,0.5626183152198792,-1.418796181678772,-0.2635094225406647,-0.0592389069497585,0.6900548338890076,0.4,0.305,-0.1,0.3966770084831404,0.4374224667310951,-0.1609273694747094,0.0021854451347051,0.0133671410279463,0.0096916186322885,0.062096890997346,0.0131183021498914,0.0552301945558675,0.0067167474031708,0.1458043083001214,0.7494432358540166,0.021854451347051,-0.1336714102794636,-0.0969161863228849,-0.6209689099734597,0.1311830214989146,0.5523019455586755,0.0671674740317089,33,0.1247429102659225,-0.9151465892791748,-0.5631967782974243,-1.4222936630249023,0.2669726610183716,-0.0533977337181568,-0.6961237788200378,0.4,-0.305,-0.1,0.3975220616210358,-0.4372788604901313,-0.1579124104201484,0.002473794387132,0.0133788905411685,0.0100106160227217,0.061466775241411,0.013360248949593,0.0546494224726445,0.0062878086514938,0.1444218972034687,0.7182476848997226,0.0247379438713208,0.1337889054116853,0.1001061602272174,-0.6146677524141103,-0.1336024894959309,0.5464942247264458,-0.0628780865149379
34,0.1409765779972076,0.9024447202682496,0.5564649701118469,-1.4428155422210691,-0.2612278163433075,-0.0555609352886676,0.6896284818649292,0.4,0.29,-0.1,0.395369404356137,0.4282476512737955,-0.1621691084460356,0.0006714796915406,0.0139664407044731,0.0120514674836402,0.0635558775254012,0.0153306443799124,0.058497684864603,0.0059604060269012,0.1516537290794818,1.2777882359731052,0.0067147969154064,-0.1396644070447312,-0.1205146748364027,-0.6355587752540119,0.1533064437991248,0.5849768486460306,0.0596040602690133,34,0.1293732821941375,-0.9062280654907228,-0.5613617897033691,-1.4570428133010864,0.2633451223373413,-0.0166084710508584,-0.7048822045326233,0.4,-0.29,-0.1,0.3968452893814427,-0.4291323668251586,-0.1557062149396758,0.0001115973939911,0.0132608613210928,0.0144370617219994,0.0605616832621462,0.0155385716115468,0.0545291168200183,0.0046588413768458,0.1499031356588737,0.2077779509974675,-0.0011159739399114,0.1326086132109283,0.1443706172199942,-0.6056168326214626,-0.1553857161154687,0.5452911682001839,-0.046588413768458
35,0.1409765779972076,0.9024447202682496,0.5564649701118469,-1.4428155422210691,-0.2612278163433075,-0.0555609352886676,0.6896284818649292,0.4,0.275,-0.1,0.3952773944549885,0.4267528389300062,-0.1621379621009351,0.0008661113378305,0.0160474886343705,0.0139348782917686,0.0683390850483784,0.017542192398741,0.0623269843618097,0.0055036531045224,0.1640498505348524,1.2737298117274918,0.0086611133783053,-0.1604748863437051,-0.1393487829176865,-0.683390850483786,0.1754219239874103,0.6232698436180977,0.0550365310452251,35,0.1272167116403579,-0.901767671108246,-0.5613617897033691,-1.4570428133010864,0.2633451223373413,-0.0166084710508584,-0.7048822045326233,0.4,-0.275,-0.1,0.3966870217314037,-0.4272821732847487,-0.1563989851956822,9.156241274449473e-05,0.015034215213875,0.0164154611107246,0.065262889414343,0.0176977874018529,0.058362805153232,0.0039859931674592,0.1624243875051934,0.4065114872036588,0.000915624127445,0.1503421521387506,0.164154611107247,-0.65262889414343,-0.1769778740185296,0.5836280515323207,-0.0398599316745932
36,0.133687287569046,0.8997302055358887,0.5529267191886902,-1.4808930158615112,-0.2503911256790161,-0.004008712247014,0.6967715620994568,0.4,0.26,-0.1,0.3963759632945233,0.4196625082434798,-0.1547355691541047,0.0018142402729511,0.0158819593910026,0.0196531376871057,0.065876173054117,0.0192882049951325,0.0606420797507403,0.0034092067080286,0.1688230810975374,0.6428960377355111,-0.0181424027295111,-0.1588195939100272,-0.1965313768710569,-0.6587617305411707,0.1928820499513257,0.6064207975074037,0.0340920670802873,36,0.1272167116403579,-0.901767671108246,-0.5531861782073975,-1.4837604761123655,0.2536123991012573,0.001251688809134,-0.7024115920066833,0.4,-0.26,-0.1,0.3971377886559561,-0.4195466891107467,-0.1519860948386127,0.0014795968211867,0.0158871955714614,0.0199102421039514,0.0653847484291942,0.0195373490059706,0.0601617195460737,0.0030637727390789,0.1678269713620205,0.6477962219138362,-0.0147959682118676,0.1588719557146143,0.1991024210395138,-0.6538474842919425,-0.1953734900597062,0.6016171954607373,-0.03063772739079
37,0.1418426930904388,0.8863972425460815,0.5529267191886902,-1.4808930158615112,-0.2458971738815307,0.0029367494862526,0.6955888867378235,0.4,0.245,-0.1,0.3946283073248523,0.4174712422432882,-0.1611897323882976,0.0029307500603593,0.0167197222294875,0.0220899574819042,0.0701620035642343,0.0212073911665758,0.0636135199000922,0.0023674834123839,0.1830829534197292,0.3514204883390701,-0.0293075006035929,-0.1671972222948759,-0.2208995748190422,-0.701620035642343,0.2120739116657581,0.6361351990009221,0.0236748341238389,37,0.1292616873979568,-0.8929672241210939,-0.5469247102737427,-1.517604470252991,0.2478065490722656,0.0379206463694572,-0.7095410227775575,0.4,-0.245,-0.1,0.3965631817838853,-0.4107309718066657,-0.1499351627700213,0.0042338847672609,0.0154597355985557,0.0246026352766406,0.0640129867773697,0.0218930656640305,0.0600736824587256,0.0011312602881072,0.1731244847394526,0.2510217774802186,-0.0423388476726098,0.1545973559855571,0.2460263527664062,-0.6401298677736968,-0.2189306566403059,0.6007368245872566,-0.0113126028810724
38,0.1418426930904388,0.8863972425460815,0.5425301194190979,-1.5111546516418457,-0.2436856180429458,0.0067660491913557,0.6951321363449097,0.4,0.2299999999999999,-0.1,0.3948645348181925,0.4070737249161633,-0.155760178137311,0.0042353383648673,0.0176826913466096,0.0251303042179815,0.0700794703931799,0.0237168453194364,0.0668720700732878,0.001362654701615,0.1857166511765255,1.123699801103328,-0.042353383648674,-0.1768269134660959,-0.2513030421798157,-0.7007947039317994,0.2371684531943645,0.6687207007328786,0.0136265470161503,38,0.1292616873979568,-0.8929672241210939,-0.5449463129043579,-1.5223057270050049,0.2456473410129547,0.0417543351650238,-0.7088682055473328,0.4,-0.2299999999999999,-0.1,0.3965562172638066,-0.4080620782418818,-0.1492640568113616,0.0047359345885513,0.0170551222232226,0.0272833640253641,0.0675512946158873,0.0241997530399596,0.0634373352103407,0.0004422154300024,0.1847834154919354,0.2512915024885842,-0.0473593458855137,0.1705512222322272,0.2728336402536409,-0.6755129461588731,-0.2419975303995966,0.6343733521034076,-0.0044221543000247
39,0.138911947607994,0.8696775436401367,0.5308367609977722,-1.551055073738098,-0.224689781665802,0.0665502697229385,0.697956383228302,0.4,0.215,-0.1,0.3945426097286352,0.3972482839759667,-0.1548166451535924,0.0083678537149763,0.0160138849336842,0.0312296303434753,0.0662410592008975,0.0253205597400937,0.0641928476689037,0.0018084274268145,0.1903919239533374,0.3284479039972681,-0.0836785371497637,-0.1601388493368425,-0.3122963034347531,-0.6624105920089747,0.2532055974009376,0.6419284766890375,-0.0180842742681447,39,0.1250278055667877,-0.8775075078010559,-0.5223220586776733,-1.5816174745559692,0.234075054526329,0.0614134073257446,-0.7054753899574281,0.4,-0.215,-0.1,0.3958592492187113,-0.3884796008279975,-0.1427195269522588,0.0078363452441658,0.0159765989280054,0.0316635979683416,0.0623749978268675,0.0263010073920166,0.0649792614054037,0.0022637228635871,0.1787100324646013,2.1071051204215223,-0.0783634524416581,0.1597659892800542,0.3166359796834164,-0.6237499782686747,-0.2630100739201663,0.6497926140540371,0.0226372286358707
40,0.1376073509454727,0.8687145709991456,0.517399787902832,-1.581234097480774,-0.224689781665802,0.0665502697229385,0.697956383228302,0.4,0.2,-0.1,0.3943794009247785,0.3856492706675455,-0.1497464386633677,0.0097416972622983,0.0169071813363606,0.0342651571606193,0.0660031744775158,0.0281378288154788,0.0679515132777036,0.0031679495636874,0.1922809168717586,1.423377646228289,-0.0974169726229834,-0.1690718133636055,-0.3426515716061932,-0.6600317447751582,0.2813782881547887,0.6795151327770361,-0.0316794956368746,40,0.1245257556438446,-0.8759121298789978,-0.5176629424095154,-1.58985698223114,0.2214475870132446,0.105191670358181,-0.7093104124069214,0.4,-0.2,-0.1,0.3962007972957644,-0.387277857366661,-0.1440724661894993,0.01031911251999,0.0161493070477184,0.0364817311960034,0.0635859895282033,0.0284786467595589,0.0641510795693209,0.0040558609137059,0.1924313178177083,0.2965458508821825,-0.1031911251999004,0.1614930704771844,0.3648173119600347,-0.6358598952820345,-0.2847864675955895,0.6415107956932092,0.040558609137059
41,0.1305440962314605,0.8536636829376221,0.499607115983963,-1.617296099662781,-0.1993692219257355,0.1307431161403656,0.6961479783058168,0.4,0.2,-0.11,0.3945463170228266,0.3775494300556619,-0.1500564287325324,0.013052599149105,0.0149174238354695,0.0383100844040092,0.056129192055359,0.0285746450210064,0.0585697631282246,0.007310705252946,0.182093548084248,0.3354916281483866,-0.1305259914910506,-0.1491742383546952,-0.3831008440400931,-0.5612919205535896,0.2857464502100648,0.5856976312822466,-0.0731070525294602,41,0.1171914637088775,-0.8615309000015259,-0.4906584620475769,-1.6439924240112305,0.2214475870132446,0.105191670358181,-0.7093104124069214,0.4,-0.2,-0.11,0.3950923459475293,-0.3674953186373433,-0.1385144640789311,0.0114043689548813,0.0155178810851261,0.0374625217411439,0.0539235331943273,0.0301781901913939,0.06184283541189,0.0076508582338994,0.1699760027045952,3.1623243302709056,-0.1140436895488135,0.1551788108512623,0.3746252174114395,-0.5392353319432729,-0.3017819019139396,0.6184283541189002,0.0765085823389939
42,0.12786565721035,0.8518074154853821,0.4831346273422241,-1.6472373008728027,-0.1965519487857818,0.1345017850399017,0.6947884559631348,0.4,0.2,-0.12,0.3942222855304984,0.3670875058073908,-0.1465364419720104,0.0136067055588311,0.015323694218991,0.0394322671516135,0.0498310693471326,0.0301852021143494,0.0557654647360559,0.0096181315010102,0.1692802390533515,1.296766910066424,-0.1360670555883112,-0.1532369421899109,-0.3943226715161353,-0.4983106934713269,0.3018520211434951,0.5576546473605595,-0.0961813150101022,42,0.1142066419124603,-0.8597628474235535,-0.4811812043190002,-1.653442978858948,0.1929689347743988,0.1693427562713623,-0.7052545547485352,0.4,-0.2,-0.12,0.3960762558428328,-0.3685542606078712,-0.1413944898053097,0.0135573284169647,0.0149039704275613,0.040913832289971,0.0481569455491457,0.0306614996081404,0.0523875047408098,0.0103970223033403,0.1699519306489531,0.3336995066576946,-0.1355732841696472,0.1490397042756132,0.4091383228997108,-0.4815694554914582,-0.3066149960814044,0.5238750474080981,0.1039702230334041
43,0.1174914985895156,0.8387462496757507,0.4612970352172851,-1.673425316810608,-0.1965519487857818,0.1345017850399017,0.6947884559631348,0.4,0.2,-0.13,0.3940611473447561,0.3549034150209254,-0.1453789980834652,0.013248092521428,0.0156685586094049,0.0391744521714153,0.0439926999184274,0.0314610164310642,0.0532563010345626,0.0127649744727369,0.1557782126552265,2.9809690343168427,-0.1324809252142805,-0.1566855860940502,-0.3917445217141527,-0.4399269991842756,0.3146101643106427,0.5325630103456263,-0.1276497447273697,43,0.1057870984077453,-0.8460130095481873,-0.4531959295272827,-1.6979159116744995,0.1912693977355957,0.1670345067977905,-0.7016595602035522,0.4,-0.2,-0.13,0.394788120436275,-0.3507341110650836,-0.1373867730041755,0.0137773878339322,0.0150301287645912,0.0408423833770391,0.0400864269336067,0.0320588368725476,0.0501962222287138,0.0138467311628429,0.1510049679400746,2.873292693796486,-0.1377738783393227,0.1503012876459115,0.4084238337703909,-0.400864269336067,-0.3205883687254766,0.501962222287138,0.1384673116284298
44,0.1142589524388313,0.8364837169647217,0.44370236992836,-1.6970683336257937,-0.1663667410612106,0.1902672499418258,0.6851703524589539,0.4,0.2,-0.14,0.3942738329213071,0.3503516055226862,-0.1456384287362493,0.0152159808471385,0.015212460432541,0.0418506024335535,0.0367049164250712,0.0319742082690827,0.0444634518853812,0.0153916268271354,0.1505662184929817,1.1877670589655054,-0.1521598084713858,-0.1521246043254106,-0.4185060243355357,-0.367049164250713,0.3197420826908276,0.4446345188538126,-0.1539162682713546,44,0.1006493121385574,-0.8448588848114014,-0.4402673840522766,-1.7015999555587769,0.1912693977355957,0.1670345067977905,-0.7016595602035522,0.4,-0.2,-0.14,0.3954526065436816,-0.3465633707255163,-0.1388160458093852,0.0128861433768151,0.016299947351473,0.0405954342377378,0.0374421509000855,0.0334843779581311,0.0476573741091198,0.0157714953683585,0.146638678980674,3.374877105850487,-0.128861433768151,0.1629994735147296,0.4059543423773778,-0.3744215090008544,-0.334843779581311,0.4765737410911988,0.1577149536835849
45,0.1042434051632881,0.8230776786804199,0.422122597694397,-1.7174180746078491,-0.1650909334421157,0.1877580881118774,0.6820234656333923,0.4,0.2,-0.15,0.393999313257324,0.3393668372453015,-0.1455410504155566,0.0143608396154106,0.0158972231771269,0.0409851758147449,0.0317220540298937,0.0330228812873512,0.0419787295612327,0.0182784769262539,0.1395672088871117,2.710810827810292,-0.1436083961541061,-0.1589722317712696,-0.4098517581474499,-0.317220540298938,0.3302288128735121,0.4197872956123274,-0.1827847692625392,45,0.0920097082853317,-0.8309828639030457,-0.4123535454273224,-1.7380023002624512,0.1592105627059936,0.2172307223081589,-0.6878128051757814,0.4,-0.2,-0.15,0.3947245396022072,-0.3356025577750761,-0.138374983747589,0.0143161848715314,0.0156086367348169,0.0419785155390786,0.028649032803391,0.0336413627500628,0.0391957551765498,0.0192276588718373,0.1362021481490669,2.6095525859822715,-0.143161848715314,0.1560863673481688,0.4197851553907868,-0.28649032803391,-0.3364136275006283,0.3919575517654982,0.1922765887183728
46,0.0990429744124412,0.8212712407112122,0.4018517732620239,-1.7337732315063477,-0.1343925297260284,0.2347307056188583,0.6697787046432496,0.4,0.2,-0.16,0.3944609596768546,0.335251002631457,-0.1468288318386343,0.0151866288682402,0.0159783768919761,0.0423005615142334,0.0257820358948908,0.0333982191736556,0.033771268041201,0.0202868257920202,0.1360036556539962,1.08958826001043,-0.1518662886824028,-0.1597837689197617,-0.4230056151423347,-0.2578203589489083,0.3339821917365567,0.3377126804120104,-0.2028682579202028,46,0.0877631679177284,-0.8285589218139648,-0.3996719419956207,-1.7390421628952026,0.1577850133180618,0.2146918773651123,-0.6858880519866943,0.4,-0.2,-0.16,0.3952905513439372,-0.3318318824798531,-0.1406513764032455,0.013239434845576,0.016890301034567,0.0414536743404881,0.0263170874269644,0.0348840934369729,0.0367076352874894,0.0209809589748704,0.1333273917089612,3.060548233533723,-0.1323943484557605,0.1689030103456703,0.4145367434048815,-0.2631708742696451,-0.3488409343697297,0.3670763528748941,0.2098095897487042
47,0.0898825675249099,0.8071804642677307,0.3811374306678772,-1.7491401433944702,-0.1320680528879165,0.2297368198633194,0.6637449860572815,0.4,0.2,-0.1699999999999999,0.3941129176607166,0.3253353087483127,-0.1477015102296037,0.0139808314462133,0.0167879188638311,0.0410111415773196,0.021421121426439,0.0342154191594535,0.0312558593874482,0.0227822512579886,0.1274394758445939,2.4627145746418933,-0.1398083144621335,-0.167879188638311,-0.410111415773196,-0.2142112142643906,0.3421541915945358,0.3125585938744823,-0.2278225125798863,47,0.0776935219764709,-0.815374255180359,-0.3703750371932984,-1.7666513919830322,0.1255691945552826,0.2564264833927154,-0.6685851216316223,0.4,-0.2,-0.1699999999999999,0.394820794193599,-0.3219390923324334,-0.1412756967988634,0.0135073233891727,0.0167125954928777,0.0415102765458525,0.018984801909794,0.0348268468689736,0.028700134234573,0.023576967870684,0.1253836193688537,2.366827870253303,-0.1350732338917279,0.1671259549287773,0.4151027654585256,-0.1898480190979408,-0.3482684686897361,0.2870013423457305,0.2357696787068412
48,0.0838563442230224,0.8052928447723389,0.3595512211322784,-1.759555220603943,-0.1009943112730979,0.2685019671916961,0.6494919061660767,0.4,0.2,-0.1799999999999999,0.3947276443062913,0.3216224742857987,-0.1499085057715248,0.0139786688996697,0.0171182568812925,0.0413651753757834,0.0164913631981487,0.0343695018371849,0.0235884764485767,0.0240972329028197,0.1254006459746644,0.9976125179304632,-0.1397866889966969,-0.171182568812925,-0.4136517537578349,-0.1649136319814879,0.3436950183718497,0.235884764485767,-0.2409723290281969,48,0.0745237320661544,-0.8116686344146729,-0.3582182824611664,-1.7653592824935913,0.1229009181261062,0.2513995170593261,-0.6649070978164673,0.4,-0.2,-0.1799999999999999,0.3952990172161957,-0.3185281419739112,-0.1443194826643838,0.012349069162411,0.0179037356090885,0.0408081285379245,0.0168535724744713,0.0358586006637143,0.0262457313148533,0.0250604474093492,0.1238713808603847,2.771941957860804,-0.1234906916241103,0.1790373560908859,0.4080812853792455,-0.1685357247447132,-0.3585860066371437,0.2624573131485336,0.2506044740934924
49,0.0759017392992973,0.7903925180435181,0.3401262760162353,-1.7705612182617188,-0.0978526324033737,0.2609926760196686,0.6409627199172974,0.4,0.2,-0.1899999999999999,0.3943349953959558,0.3126649543084064,-0.151668028136981,0.0125669915712449,0.0178877633730897,0.0398112524183129,0.0125920019464593,0.0349430733634493,0.0210439210742726,0.0261000709907884,0.1191420340324371,2.2326660853927933,-0.1256699157124491,-0.178877633730897,-0.398112524183129,-0.1259200194645947,0.3494307336344931,0.2104392107427261,-0.2610007099078848,49,0.0641862004995346,-0.7986616492271423,-0.3582182824611664,-1.7653592824935913,0.1229009181261062,0.2513995170593261,-0.6649070978164673,0.4,-0.2,-0.1899999999999999,0.3958261258070435,-0.3175233520299302,-0.1447586728464088,0.0103425469967364,0.0186441852744897,0.0408291536185613,0.0148083276135362,0.0369439396306203,0.0231834488145502,0.027390838827961,0.1259997507170066,2.999676699606596,-0.1034254699673642,0.1864418527448975,0.4082915361856131,-0.1480832761353628,-0.3694393963062037,0.2318344881455019,0.2739083882796098
50,0.0698776766657829,0.7881745696067811,0.3181860446929932,-1.776046633720398,-0.0666248127818107,0.2920904457569122,0.6253947019577026,0.4,0.2,-0.1999999999999999,0.3950310548643937,0.309324968827423,-0.1546976025459296,0.0120179048492879,0.0182571707709833,0.039530745853755,0.0084234820047093,0.0348113670347798,0.0139210613822989,0.0266763136046246,0.118443853533918,0.9089408367415216,-0.1201790484928798,-0.1825717077098336,-0.3953074585375504,-0.0842348200470935,0.3481136703477987,0.1392106138229892,-0.2667631360462462,50,0.0621746629476547,-0.793764889240265,-0.3174101412296295,-1.7822128534317017,0.0870423167943954,0.2776452600955963,-0.6398466229438782,0.4,-0.2,-0.1999999999999999,0.3954142531089928,-0.3065184412496813,-0.1496447812118748,0.0106500043404969,0.0189512296977852,0.0391748089919034,0.0086391404479366,0.0363161264808815,0.0162810651259628,0.0278567319321196,0.1179103704515007,2.5052205755545174,-0.1065000434049697,0.1895122969778527,0.3917480899190341,-0.0863914044793672,-0.3631612648088153,0.1628106512596285,0.2785673193211966
51,0.0633347481489181,0.7725047469139099,0.3003150224685669,-1.7831531763076782,-0.0629095584154129,0.2820366024971008,0.6148626208305359,0.4,0.2,-0.21,0.3946147050431559,0.3012297613411291,-0.1572663094412477,0.0105492760688182,0.0188822230004531,0.0378512856581316,0.0048711212354908,0.0351268753856454,0.0113841706586893,0.0281324162841638,0.1142685788084388,2.017939459528634,-0.1054927606881826,-0.1888222300045315,-0.3785128565813163,-0.0487112123549085,0.3512687538564545,0.1138417065868934,-0.2813241628416381,51,0.053843654692173,-0.7800174355506898,-0.3173891305923462,-1.7801675796508791,0.0859569758176803,0.274582952260971,-0.6375162601470947,0.4,-0.2,-0.21,0.3959250702328729,-0.3055612813402117,-0.1509646385405777,0.0087530767327217,0.0195587974458227,0.0390526261752613,0.0066884947442267,0.0371507318328424,0.0133025707276133,0.0297361901014612,0.1210163752284746,2.7087217102713907,-0.0875307673272178,0.1955879744582283,0.3905262617526134,-0.0668849474422667,-0.3715073183284242,0.1330257072761334,0.2973619010146123
52,0.0578597709536552,0.7699174284934999,0.2786552906036377,-1.7844700813293457,-0.031813446432352,0.3060114979743957,0.5987184047698975,0.4,0.2,-0.22,0.3953397453074875,0.298234006739533,-0.1610320466280354,0.0097078345862851,0.0191663035715503,0.0371994068815958,0.0012747640785208,0.0346704101017223,0.0048333497411417,0.0279789700409058,0.1146684681103741,0.8223332485885066,-0.0970783458628513,-0.1916630357155039,-0.3719940688159585,-0.0127476407852099,0.3467041010172232,0.0483334974114173,-0.2797897004090589,52,0.0515246577560901,-0.7748136520385742,-0.2782353460788727,-1.7908519506454468,0.0507261902093887,0.293926328420639,-0.6119899153709412,0.4,-0.2,-0.22,0.3955882450476248,-0.2956841127586769,-0.1564671604953235,0.0085539267668197,0.0197905680035213,0.0369784449962526,0.001367887691871,0.0361868633645404,0.0068871743769707,0.0293164292765671,0.1149405703470362,2.2578661940671623,-0.0855392676681973,0.1979056800352134,0.3697844499625262,-0.0136788769187095,-0.3618686336454041,0.0688717437697072,0.2931642927656716
53,0.0527854710817337,0.7536225318908691,0.2624637484550476,-1.7880243062973022,-0.0277826823294162,0.2934207618236542,0.5867301821708679,0.4,0.2,-0.23,0.3949148806996511,0.290916656035325,-0.1643370781491803,0.0083191439750292,0.0196005980973499,0.0355040907670718,0.0020144140203237,0.0347216705665024,0.0023579542897272,0.0288867584244836,0.1122644916655806,1.8171565908282328,-0.0831914397502921,-0.1960059809734995,-0.355040907670719,0.0201441402032371,0.3472167056650244,0.0235795428972726,-0.2888675842448364,53,0.0450905784964561,-0.7604586482048035,-0.2783364951610565,-1.7868560552597046,0.0488062426447868,0.2878855168819427,-0.6077800989151001,0.4,-0.2,-0.23,0.3960772757485234,-0.2947679755313718,-0.158596142776465,0.0068664892492955,0.0202453358701651,0.0367913395854304,0.0005428151957527,0.0367373948920277,0.0040208524886194,0.0307284946800036,0.1187218083515694,2.436878075671075,-0.0686648924929558,0.2024533587016521,0.3679133958543044,0.0054281519575268,-0.3673739489202769,0.0402085248861948,0.3072849468000365
54,0.0481519363820552,0.7507511377334595,0.2414558827877044,-1.7857447862625122,0.0028569637797772,0.3108448386192322,0.5707394480705261,0.4,0.2,-0.24,0.395632022148001,0.2882370165692923,-0.1687611073932355,0.0073985450095918,0.0197488553043782,0.0346784775146394,0.0051841192298194,0.0339364623236989,0.0035911450024498,0.028070993950279,0.1134893393381212,0.7381754326922305,-0.0739854500959188,-0.1974885530437818,-0.3467847751463947,0.0518411922981947,0.3393646232369892,-0.0359114500244985,-0.2807099395027895,54,0.0429707318544387,-0.7550230622291565,-0.241256907582283,-1.792219877243042,0.0145393265411257,0.3008134961128235,-0.5826734900474548,0.4,-0.2,-0.24,0.3957862520140868,-0.2859172445253805,-0.1646396641743182,0.0064200365083046,0.0203154119540688,0.0345443932325156,0.0051915668519459,0.0354459710920919,0.0018402232013222,0.0295005464220361,0.1143621825372458,2.028716402212922,-0.0642003650830464,0.2031541195406878,0.3454439323251564,0.05191566851946,-0.3544597109209193,-0.0184022320132221,0.2950054642203609
55,0.0444663278758525,0.7340219616889954,0.2269596606492996,-1.7860099077224731,0.0069389883428812,0.2957787215709686,0.5578434467315674,0.4,0.2,-0.25,0.3952097497639619,0.281622080679269,-0.1727342139337294,0.0061975922500599,0.0199901538041398,0.0330425190488876,0.0082723112712668,0.0337349344755839,0.0059494654152763,0.0284749793474083,0.1124949432115757,1.6301941851138508,-0.0619759225005992,-0.1999015380413986,-0.330425190488876,0.082723112712669,0.3373493447558396,-0.0594946541527634,-0.2847497934740838,55,0.0382240898907184,-0.7402133345603944,-0.2415451556444168,-1.78631329536438,0.0120688481256365,0.2919063568115234,-0.57705157995224,0.4,-0.2,-0.25,0.3962499549554114,-0.285037443969248,-0.1675098168150916,0.0050118945858532,0.0206233915975315,0.0343407349058448,0.0070991979317405,0.0357033122791762,0.0045603306135308,0.0304651457080373,0.118532949159882,2.1838949749359813,-0.0501189458585328,0.206233915975316,0.3434073490584486,0.0709919793174058,-0.3570331227917624,-0.0456033061353084,0.3046514570803739
56,0.0444663278758525,0.7340219616889954,0.2067774087190628,-1.7805606126785278,0.0367934256792068,0.3072536885738373,0.5426684617996216,0.4,0.2,-0.26,0.3955269206367574,0.2795560411438792,-0.1784259114797183,0.0058136673905672,0.0201519608952501,0.0323779733919078,0.0111269902125807,0.0327755991227776,0.0111909491367144,0.0269964855118298,0.1140329077038344,0.6789328185532781,-0.0581366739056724,-0.2015196089525016,-0.3237797339190783,0.1112699021258069,0.3277559912277768,-0.1119094913671448,-0.2699648551182992,56,0.0365506969392299,-0.7347076535224915,-0.2067125141620636,-1.7870283126831057,-0.0209066439419984,0.2989732623100281,-0.5531729459762573,0.4,-0.2,-0.26,0.3959843908676956,-0.2771183031794011,-0.1740272734845492,0.0045245352018303,0.0205181277084788,0.0320973506293991,0.0112158993778326,0.0341294080459644,0.0098159418759116,0.0285676208444553,0.1155623965936755,1.8177379558775897,-0.0452453520183034,0.2051812770847885,0.3209735062939912,0.1121589937783252,-0.3412940804596448,-0.0981594187591162,0.2856762084445529
57,0.0382687337696552,0.7140318155288696,0.1939171403646469,-1.7777376174926758,0.0406739227473735,0.2898292541503906,0.5293684601783752,0.4,0.2,-0.27,0.3954825785788597,0.2732502199834569,-0.1823236796067352,0.004415361648243,0.0200745731924696,0.0306454012191301,0.0140617825244933,0.0322325956922487,0.0134743657034892,0.0270861851910102,0.1143378283055237,1.4578650965145812,-0.0441536164824301,-0.2007457319246958,-0.3064540121913013,0.1406178252449324,0.322325956922487,-0.134743657034892,-0.2708618519101021,57,0.0332121960818767,-0.7195899486541749,-0.2072044163942337,-1.7792141437530518,-0.0236344635486602,0.2873460352420807,-0.5465864539146423,0.4,-0.2,-0.27,0.3964207577137127,-0.2762713743335334,-0.1775744284678416,0.0034346360686269,0.0206986339447471,0.0319017569608155,0.0131443299864759,0.0341116200576159,0.0123586567722808,0.029133151836983,0.1198858615146759,1.9502770461251655,-0.0343463606862692,0.2069863394474708,0.3190175696081554,0.1314432998647606,-0.3411162005761597,-0.1235865677228086,0.291331518369831
58,0.0386526621878147,0.7138699889183044,0.1743994355201721,-1.769433617591858,0.0695690214633941,0.2960627377033234,0.515671968460083,0.4,0.2,-0.28,0.3957754809220299,0.27142628893645,-0.1884834353513918,0.0041707687334029,0.0201308982053554,0.0299974532470677,0.0166948710743739,0.0310314930700613,0.0181135421229598,0.0252221745072605,0.1161673057179009,0.6117009661281827,-0.0417076873340293,-0.2013089820535539,-0.2999745324706777,0.1669487107437395,0.3103149307006134,-0.1811354212295982,-0.2522217450726053,58,0.0320261605083942,-0.7141895294189453,-0.1746151596307754,-1.7758123874664309,-0.0550360530614852,0.2891573309898376,-0.5246053338050842,0.4,-0.2,-0.28,0.396167189799421,-0.2691950392066509,-0.1845061534637578,0.0030508897845864,0.0204468305085762,0.0297748817070308,0.0168409154641153,0.0323313878796551,0.0169860858057436,0.0267384046713429,0.1179903327020099,1.625616819218635,-0.0305088978458643,0.2044683050857617,0.2977488170703088,0.1684091546411531,-0.3233138787965515,-0.1698608580574369,0.267384046713429
59,0.0338533706963062,0.6939572691917419,0.1743994355201721,-1.769433617591858,0.0695690214633941,0.2960627377033234,0.515671968460083,0.4,0.2,-0.29,0.3955290497643166,0.2685734066543006,-0.1911040736157224,0.0027196195706157,0.0196844144218021,0.0298283501117436,0.0193298209337098,0.0316363862781924,0.0218050189047277,0.0265006554069653,0.1204271802858079,1.0175129961958191,-0.0271961957061575,-0.196844144218021,-0.2982835011174363,0.1932982093370976,0.3163638627819242,-0.2180501890472772,-0.2650065540696535,59,0.0297775603830814,-0.6988913416862488,-0.175302654504776,-1.766069769859314,-0.0550360530614852,0.2891573309898376,-0.5246053338050842,0.4,-0.2,-0.29,0.3965362114909044,-0.268768010350164,-0.1898768062268307,0.0020315321919441,0.0202879974947133,0.0297266351295552,0.0184966405418745,0.0330382010286905,0.0205072776736794,0.0276613324182824,0.1215141597086348,1.4816229200513362,-0.0203153219194413,0.2028799749471336,0.297266351295552,0.1849664054187457,-0.3303820102869057,-0.2050727767367948,0.2766133241828246
60,0.0338533706963062,0.6939572691917419,0.1444019824266433,-1.7527387142181396,0.1006005108356475,0.277949184179306,0.4904497861862182,0.4,0.2,-0.3,0.396089152995593,0.2641517381935522,-0.1993201371728778,0.0029893045632514,0.0199178538326726,0.0278287645649246,0.0219668139106512,0.0289730229493599,0.0242451886906102,0.0228268891615398,0.1194452804276254,0.5562841821918596,-0.0298930456325149,-0.1991785383267261,-0.278287645649247,0.2196681391065121,0.2897302294935995,-0.2424518869061018,-0.2282688916153982,60,0.0289752706885337,-0.6937426924705505,-0.1448402851819992,-1.7589714527130127,-0.0577460825443267,0.2749873697757721,-0.5174533128738403,0.4,-0.2,-0.3,0.3960785806343547,-0.2598757224906715,-0.1973841225304578,0.0014477487491972,0.0204556689995086,0.0272678377973616,0.0213281617576817,0.0334611717611803,0.0225874170751149,0.0272151076825033,0.1188717711757726,2.6493254325118234,-0.0144774874919729,0.2045566899950871,0.2726783779736168,0.213281617576816,-0.3346117176118037,-0.2258741707511488,0.2721510768250332
61,0.0308640655130147,0.6740394234657288,0.1165732145309448,-1.7307718992233276,0.1012054085731506,0.2742577195167541,0.4891713261604309,0.4,0.215,-0.3,0.3960696302837164,0.2577182635377808,-0.2121001891281455,0.001058060958521,0.0157348408261043,0.0204508561921263,0.0222982327251353,0.0251986963241594,0.0265258090573405,0.0189064675896861,0.0978093788810549,1.999466835252733,-0.0105806095852106,-0.1573484082610434,-0.2045085619212634,0.222982327251352,0.2519869632415941,-0.2652580905734058,-0.1890646758968616,61,0.0275275222957134,-0.673287034034729,-0.1455760151147842,-1.7475731372833252,-0.0880742520093917,0.2686500549316406,-0.496944010257721,0.4,-0.215,-0.3,0.3964393625007829,-0.2623130663234658,-0.2015356569558878,0.0002855882908715,0.0165523265345294,0.02285383786046,0.0230050577392508,0.0260927971212604,0.0257979643228721,0.0211115325246941,0.1092997311773369,1.4741473225497543,-0.0028558829087151,0.1655232653452941,0.2285383786046005,0.2300505773925098,-0.2609279712126041,-0.2579796432287213,0.2111153252469415
62,0.0308640655130147,0.6740394234657288,0.1165732145309448,-1.7307718992233276,0.1295735388994217,0.2537039816379547,0.4676229059696197,0.4,0.23,-0.3,0.3963202024631027,0.2606530734625011,-0.2093827305132498,0.0001632678950566,0.0133629664484824,0.0168055663101457,0.0244543093290254,0.018502714598943,0.0273863937051242,0.0125404727139528,0.095732133329642,0.5069235253278634,0.0016326789505665,-0.1336296644848242,-0.1680556631014579,0.2445430932902547,0.1850271459894304,-0.2738639370512424,-0.1254047271395282,62,0.0275275222957134,-0.673287034034729,-0.1175724491477012,-1.7376432418823242,-0.0912072509527206,0.2523999512195587,-0.490238219499588,0.4,-0.23,-0.3,0.3962162668201996,-0.2567251379535681,-0.2076248915146292,0.0011472178660004,0.0138383005642774,0.0164447882340393,0.0243662706317087,0.0224878659457294,0.0265838926576026,0.0165039724100795,0.0962377800195806,2.3690698183658507,0.0114721786600046,0.1383830056427744,0.1644478823403935,0.2436627063170873,-0.2248786594572948,-0.2658389265760262,0.1650397241007958
63,0.0298060048371553,0.6583045721054077,0.0961223617196083,-1.7084736824035645,0.1264041066169738,0.2477319091558456,0.4702648520469665,0.4,0.245,-0.3,0.3962031143133552,0.2563563715738404,-0.2208980739626171,0.0017079465322951,0.0094296125377497,0.0107491596702978,0.0241942084708473,0.0154505179495219,0.0289614142556362,0.0092898275308917,0.0800031138085523,1.7899398258228356,0.0170794653229515,-0.0942961253774976,-0.1074915967029788,0.241942084708473,0.1545051794952196,-0.2896141425563627,-0.0928982753089173,63,0.0272419340908527,-0.6567347049713136,-0.122722178697586,-1.7245681285858154,-0.1141670495271682,0.2428520917892456,-0.4758324921131134,0.4,-0.245,-0.3,0.3966322303961692,-0.2604277229000342,-0.2113765989654245,0.0022840885604571,0.0102455708028978,0.0127084477267813,0.0252046316837069,0.0161294861904608,0.0285164298663782,0.0111951406314519,0.0900192408150609,1.3069568329110552,0.0228408856045713,0.1024557080289794,0.1270844772678132,0.2520463168370698,-0.1612948619046087,-0.2851642986637825,0.1119514063145198
64,0.0315139517188072,0.6488749384880066,0.0997676476836204,-1.7063175439834597,0.1480762511491775,0.2263175845146179,0.4550824463367462,0.4,0.26,-0.3,0.3958543678030122,0.2584954597975142,-0.2203439068181809,0.0027660874886873,0.0063820244748876,0.0072142985439427,0.0258280445937693,0.0094528122635348,0.0292404294283296,0.0040136505907481,0.0797780865183181,0.5668354998636592,0.0276608748868738,-0.0638202447488771,-0.0721429854394273,0.2582804459376928,0.0945281226353487,-0.2924042942832967,-0.0401365059074817,64,0.0286747403442859,-0.6594487428665161,-0.1011276617646217,-1.7132769823074343,-0.1136951148509979,0.2258160561323166,-0.4737342596054077,0.4,-0.26,-0.3,0.3964354473230078,-0.2569700563358765,-0.2168886073760128,0.0034842928635916,0.007686549742662,0.0073000193410362,0.0260081169360983,0.0133306696747507,0.0288775012193735,0.0072514490578461,0.0832429587310144,2.1242198784201896,0.0348429286359164,0.0768654974266202,0.0730001934103624,0.2600811693609835,-0.1333066967475069,-0.2887750121937354,0.0725144905784621
65,0.0315139517188072,0.6488749384880066,0.0853732004761696,-1.684279441833496,0.1418546289205551,0.2187704890966415,0.4609750211238861,0.4,0.275,-0.3,0.3963841100094712,0.2581888807243784,-0.2288375095702972,0.0041061130904996,0.0036658422522105,0.0025973908197091,0.0252286476588889,0.0074409384291365,0.0303244974390551,0.0012043508129063,0.0732105759838039,1.6079547387394215,0.0410611309049963,-0.0366584225221061,-0.0259739081970917,0.2522864765888891,0.0744093842913652,-0.3032449743905509,-0.0120435081290637,65,0.0295260231941938,-0.646489143371582,-0.1100137308239936,-1.6993634700775146,-0.130296528339386,0.2143356651067733,-0.4646373391151429,0.4,-0.275,-0.3,0.3968442882395681,-0.2618058124853984,-0.2202734612919295,0.0045186662168701,0.0044534456614468,0.0041935835036034,0.0264143922779709,0.007932343409523,0.0300522087379958,0.0028350611696468,0.0808725297938358,1.16711472953034,0.0451866621687011,0.0445344566144695,0.0419358350360349,0.2641439227797086,-0.0793234340952307,-0.3005220873799581,0.0283506116964682
66,0.0342800393700599,0.6424928903579713,0.0925533473491668,-1.6804895401000977,0.1575290560722351,0.1970771551132202,0.4510687887668609,0.4,0.29,-0.3,0.3961437900252807,0.2616371416716282,-0.228334477167708,0.0050581156184885,0.0009333454771077,0.0004150217817814,0.0264895556415156,0.0024549417951262,0.030203230344713,0.0032277384751768,0.0771703910236963,0.5092273047826068,0.0505811561848858,-0.0093334547710779,0.0041502178178143,0.2648955564151572,0.0245494179512619,-0.3020323034471308,0.0322773847517687,66,0.0340446904301643,-0.642035722732544,-0.1058201491832733,-1.6729490756988523,-0.1270257830619812,0.1969385594129562,-0.4664828181266784,0.4,-0.29,-0.3,0.3969843467468899,-0.2641723556179397,-0.2297420947628013,0.0048772865442372,0.0017658609906689,0.0004239869308334,0.0257405206746978,0.0051563967228827,0.0303058580275411,6.317299029168222e-06,0.0749155165982879,1.510148935537845,0.0487728654423726,0.0176586099066897,0.0042398693083345,0.2574052067469794,-0.0515639672288273,-0.3030585802754119,6.317299029141659e-05
67,0.0356200635433197,0.6452090740203857,0.0827758088707923,-1.6590508222579956,0.1492955684661865,0.1884459853172302,0.4597706794738769,0.4,0.305,-0.3,0.3965853965194243,0.2628764992196876,-0.2359720145985299,0.006112930476472,0.0014800250675452,0.0042271875840255,0.0259756125601036,0.0009024863656287,0.031227149960727,0.0054302376590075,0.0767178711219843,1.4499057925450258,0.0611293047647207,0.0148002506754532,0.0422718758402555,0.2597561256010369,0.0090248636562876,-0.3122714996072703,0.0543023765900753,67,0.0340446904301643,-0.642035722732544,-0.1058201491832733,-1.6729490756988523,-0.1382288783788681,0.1842834502458572,-0.4618022739887237,0.4,-0.305,-0.3,0.3970550267381066,-0.2660978896834981,-0.2282830876280857,0.0063811568877727,0.0007360250200354,0.0029158425827132,0.0272450984507242,0.001238724553388,0.0310516211875629,0.0040225839036015,0.081641671802771,1.0506089238479035,0.0638115688777273,-0.0073602502003549,-0.0291584258271321,0.2724509845072426,-0.0123872455338802,-0.310516211875629,-0.0402258390360156
68,0.0393381565809249,0.6415595412254335,0.0929683670401573,-1.6540000438690188,0.1599839925765991,0.1668739318847656,0.4542965292930603,0.4,0.32,-0.3,0.3964087338815414,0.2674972981819344,-0.2355033137410729,0.0069171743236757,0.0038878150905733,0.006768366397219,0.0271184038288905,0.0032445403685014,0.0309875200009244,0.0090926633085503,0.083242137339888,0.4655078898174808,0.0691717432367576,0.0388781509057329,0.0676836639721901,0.2711840382889051,-0.032445403685015,-0.3098752000092447,0.0909266330855037,68,0.0389219783246517,-0.6402698755264282,-0.1053961589932441,-1.647208571434021,-0.1321821808815002,0.1666326969861984,-0.4664765000343323,0.4,-0.32,-0.3,0.3971538276264088,-0.2697408734847724,-0.2367995137609947,0.0065912973949616,0.0031122368753704,0.0059885179784966,0.0266830669941429,0.0009605537039784,0.0313048873694145,0.0061780797517315,0.0807984031779127,1.362905671114105,0.0659129739496167,-0.0311223687537045,-0.059885179784966,0.266830669941428,0.0096055370397846,-0.3130488736941459,-0.0617807975173148
69,0.0417329929769039,0.6466891169548035,0.0870030000805854,-1.63307523727417,0.1501980572938919,0.1572188287973404,0.4652009308338165,0.4,0.335,-0.3,0.3967879565699441,0.2701186010737138,-0.2423606126821078,0.0077123857774191,0.0059947923289608,0.0099189568257615,0.0268394620476595,0.004427433040228,0.0320707707861188,0.0107818159018507,0.0868459102088892,1.3123646136385516,0.0771238577741917,0.0599479232896082,0.0991895682576155,0.2683946204765955,-0.0442743304022803,-0.3207077078611889,0.1078181590185076,69,0.0404258482158184,-0.6427717208862306,-0.1087359935045242,-1.6457040309906006,-0.1394675970077514,0.1532318294048309,-0.4658248722553253,0.4,-0.335,-0.3,0.3972509355135116,-0.2729944957952396,-0.2354686700874118,0.0078506203454954,0.0053044452796561,0.0088250496693287,0.0281283634364239,0.004217429283435,0.0319415738859928,0.0095429045385505,0.0895350905931564,0.9537765399492172,0.0785062034549543,-0.0530444527965607,-0.0882504966932874,0.2812836343642403,0.0421742928343506,-0.3194157388599288,-0.0954290453855057
70,0.0462553314864635,0.6454473733901978,0.0997367352247238,-1.6268815994262695,0.1567394584417343,0.1358864158391952,0.4633891880512238,0.4,0.35,-0.3,0.3966428276995992,0.2757902225278703,-0.2419156098848139,0.0083345347208548,0.0080892678982139,0.0120334937532333,0.0280433405470319,0.0078879846310296,0.0318922249734125,0.0137651348635823,0.0942982399272156,0.4331219241550099,0.0833453472085483,0.0808926789821393,0.1203349375323335,0.2804334054703198,-0.0788798463102963,-0.3189222497341256,0.1376513486358235,70,0.0455132760107517,-0.6433821320533752,-0.1113846749067306,-1.6205254793167114,-0.1312216222286224,0.1353278160095214,-0.4726545810699463,0.4,-0.35,-0.3,0.3973182495906799,-0.2777783120517782,-0.2431208831816289,0.0078998782768016,0.0073829972504861,0.0113132597247541,0.0278191584892393,0.0059598389832951,0.0323086884598695,0.0111379037805227,0.0919695489028087,1.2370918764673486,0.0789987827680162,-0.0738299725048617,-0.1131325972475413,0.2781915848923939,0.0595983898329516,-0.3230868845986951,-0.1113790378052276
71,0.049445379525423,0.6526839137077332,0.0969219580292701,-1.6062357425689695,0.1457706242799759,0.125148057937622,0.4759827554225921,0.4,0.365,-0.3,0.3969783847840019,0.2796491225538018,-0.2480648080264701,0.0088778904816837,0.0099026487242697,0.0146220186902448,0.0280976346411794,0.0087716076344803,0.0331012365129333,0.0150156152198341,0.0999558232654651,1.192360680098938,0.0887789048168375,0.0990264872426976,0.1462201869024483,0.2809763464117941,-0.0877160763448035,-0.3310123651293334,0.1501561521983419,71,0.0482764691114425,-0.6480761766433717,-0.1175610423088073,-1.6175756454467771,-0.1352501660585403,0.1212902590632438,-0.475367784500122,0.4,-0.365,-0.3,0.3974230809465044,-0.2822221373329485,-0.241896421164739,0.0088989137387553,0.0092747356237751,0.013690518543929,0.0293614540150171,0.008664516094196,0.0329850810806335,0.0138983595991222,0.1011673906602265,0.8736182116616646,0.0889891373875533,-0.0927473562377515,-0.1369051854392901,0.2936145401501716,0.0866451609419608,-0.3298508108063357,-0.1389835959912219
72,0.0545898675918579,0.6535366177558899,0.1117702275514602,-1.598838210105896,0.1488514691591262,0.1039941906929016,0.4771543145179749,0.4,0.38,-0.3,0.3968420133262691,0.2862633441111913,-0.2476373028495306,0.0092842435757592,0.0117086232602692,0.0163386702996602,0.0294856058275274,0.0116699267351698,0.0330901286684759,0.0173990381497056,0.1074168775841123,0.4101711102207595,0.0928424357575924,0.1170862326026918,0.1633867029966021,0.2948560582752737,-0.1166992673516981,-0.3309012866847596,0.1739903814970564,72,0.0534131526947021,-0.6507651209831238,-0.1226979345083236,-1.592706322669983,-0.1352501660585403,0.1212902590632438,-0.475367784500122,0.4,-0.38,-0.3,0.3973402200754966,-0.2895886257311367,-0.2497899091481815,0.009340851507108,0.0112377936954913,0.0158866875269169,0.0288535590614882,0.0112669560847836,0.0350622382456324,0.016417377200742,0.1034521350663152,1.222155934984447,0.0934085150710804,-0.1123779369549137,-0.1588668752691694,0.2885355906148817,0.1126695608478361,-0.3506223824563242,-0.1641737720074203
73,0.0583232715725898,0.6625865697860718,0.1115439757704734,-1.5781381130218508,0.1369990110397339,0.092046819627285,0.4909983575344086,0.4,0.395,-0.3,0.3971469507742706,0.2912324739470868,-0.2531462460968502,0.0095680368255384,0.0132508855677844,0.018427600300039,0.0299349489235492,0.0123089044861763,0.0344560207163337,0.0182627988736245,0.1138907968531407,1.087392854465838,0.0956803682553841,0.1325088556778442,0.1842760030003903,0.2993494892354926,-0.1230890448617637,-0.3445602071633376,0.182627988736245,73,0.0571753829717636,-0.6573508977890015,-0.1312515586614608,-1.5882141590118408,-0.1265856474637985,0.0883051753044128,-0.4892661571502685,0.4,-0.395,-0.3,0.3975653042429613,-0.2935389123125307,-0.2476329683373267,0.0094847337755052,0.012694876324703,0.0176150229275233,0.0311435800638653,0.0122864905799413,0.034330734680127,0.0172303670359826,0.1142041420584783,0.8077999391376807,0.0948473377550527,-0.1269487632470303,-0.1761502292752332,0.3114358006386539,0.1228649057994132,-0.34330734680127,-0.172303670359827
74,0.0638741105794906,0.6652452349662781,0.1281089037656784,-1.569352626800537,0.1371815353631973,0.0709040611982345,0.4945533573627472,0.4,0.41,-0.3,0.3970033592299905,0.2986931097554934,-0.2527332063181657,0.0097231209808732,0.0148027664031368,0.0197570862499387,0.0315892485068192,0.0147433815109745,0.0346682241186988,0.0201072014194131,0.1209642652057549,0.3953121766723897,0.0972312098087321,0.1480276640313681,0.1975708624993876,0.3158924850681931,-0.147433815109745,-0.3466822411869883,0.2010720141941313,74,0.0666601136326789,-0.670045793056488,-0.13858462870121,-1.5638527870178225,-0.1239832118153572,0.0862280204892158,-0.4917851686477661,0.4,-0.41,-0.3,0.3971105289024436,-0.3032352703640896,-0.2544804827932235,0.0093806759747832,0.0137393719486889,0.0191377558513223,0.0312060560848783,0.0141544791743117,0.0365470465649463,0.0193411234905129,0.1160994529883353,1.1638151542205082,0.0938067597478322,-0.1373937194868885,-0.1913775585132232,0.3120605608487827,0.1415447917431175,-0.3654704656494629,-0.1934112349051297
75,0.0678913071751594,0.6758374571800232,0.1299715787172317,-1.5482031106948853,0.1246901080012321,0.0575907975435256,0.5092611312866211,0.4,0.425,-0.3,0.3972860887473591,0.3046597202236945,-0.2576652241310888,0.0097266405725152,0.0161036535007531,0.0213781223284716,0.0324705035456289,0.0151817074803853,0.0361990446784916,0.020617441420646,0.1275985168361985,0.9953862559716226,0.0972664057251523,0.1610365350075319,0.213781223284716,0.3247050354562896,-0.151817074803853,-0.3619904467849167,0.20617441420646,75,0.0666601136326789,-0.670045793056488,-0.1488665789365768,-1.5570706129074097,-0.1142991557717323,0.0539744421839714,-0.5064965486526489,0.4,-0.425,-0.3,0.3976729062150881,-0.3067305672357976,-0.2527435387294544,0.0095532594446573,0.0156303294921485,0.020651191827829,0.0336043523602827,0.0152294357673802,0.036049762288202,0.0196432077969188,0.1273822877156182,0.7545202463999203,0.0955325944465736,-0.1563032949214861,-0.2065119182782905,0.3360435236028272,0.1522943576738023,-0.36049762288202,-0.1964320779691888
76,0.0735972300171852,0.6800479888916016,0.1478659957647323,-1.5377633571624756,0.1224381551146507,0.0362358354032039,0.5146605372428894,0.4,0.44,-0.3,0.397124105303624,0.3128811385758013,-0.2572657733071237,0.0095924212653973,0.0174439099348167,0.0223137068401255,0.034444940965771,0.0172303466800622,0.0366564162258699,0.021967559934269,0.1341405599776869,0.3876736495670589,0.0959242126539739,0.1744390993481674,0.2231370684012557,0.3444494096577097,-0.1723034668006223,-0.3665641622586995,0.2196755993426907,76,0.0760407894849777,-0.6837851405143738,-0.1577223837375641,-1.5326467752456665,-0.109828732907772,0.0496809743344783,-0.5111262798309326,0.4,-0.44,-0.3,0.3971393458856304,-0.3169798112476746,-0.2588023320847992,0.009204010208767,0.0164929174760889,0.0217557303246305,0.0341511996780963,0.0167723249270611,0.0383461037008725,0.0212220668430083,0.1297667061471123,1.045623656272255,0.09204010208767,-0.1649291747608898,-0.217557303246305,0.3415119967809628,0.1677232492706115,-0.3834610370087256,-0.2122206684300827
77,0.0776179507374763,0.6919410824775696,0.1513497084379196,-1.5157326459884644,0.1224381551146507,0.0362358354032039,0.5146605372428894,0.4,0.455,-0.3,0.3972378145602904,0.3214457989270885,-0.2621431880906911,0.010055371209838,0.0186411382089314,0.0240034420954063,0.0348851441153734,0.0192187640495159,0.0391970168891354,0.0243122225328518,0.1388434100004887,1.1605800322993614,0.1005537120983802,0.1864113820893148,0.2400344209540631,0.3488514411537349,-0.1921876404951594,-0.3919701688913546,0.2431222253285184,77,0.0762133747339248,-0.685676097869873,-0.169517770409584,-1.5234662294387815,-0.0990697219967842,0.0179246794432401,-0.5261397361755371,0.4,-0.455,-0.3,0.3977416052572851,-0.321606843768811,-0.2572907608230246,0.0090370183584355,0.0181611386453537,0.0228072626702045,0.0368264851106892,0.0176113297684194,0.0381628638980846,0.0212112998414572,0.1400818103367044,0.712412246022609,0.0903701835843558,-0.1816113864535369,-0.2280726267020452,0.3682648511068913,0.1761132976841943,-0.381628638980846,-0.2121129984145716
78,0.0831896513700485,0.6974918842315675,0.1701797097921371,-1.503318428993225,0.1095084026455879,0.0213917531073093,0.529878556728363,0.4,0.47,-0.3,0.3970385958516936,0.3299850452575173,-0.2627408876670039,0.009559749684737,0.0197554902697051,0.0244082471319103,0.0373919465716587,0.0201327401238587,0.0409509208426665,0.0240008603281374,0.1449179040626516,1.0581221057418448,0.0955974968473704,0.1975549026970513,0.2440824713191035,0.3739194657165879,-0.2013274012385875,-0.4095092084266654,0.2400086032813744,78,0.0852447971701622,-0.7002780437469482,-0.179478108882904,-1.4984955787658691,-0.0930564105510711,0.0113348709419369,-0.5323483347892761,0.4,-0.47,-0.3,0.3971410902265171,-0.3323474383581979,-0.262640464456653,0.0083919129421602,0.0188808685354449,0.0234847731642851,0.0378811164633627,0.0188756094067254,0.0405505444637681,0.0223031570768904,0.1426609126132931,0.9384469427922651,0.083919129421603,-0.188808685354449,-0.2348477316428511,0.3788111646336287,0.188756094067254,-0.4055054446376819,-0.2230315707689042
79,0.0927494019269943,0.7172473669052124,0.1945879608392715,-1.46592652797699,0.1032193899154663,-0.0029611815698444,0.5389727354049683,0.4,0.485,-0.3,0.3967820962557663,0.3474114182235644,-0.2666873736307774,0.0078673276679137,0.0196123202567064,0.0230914431912924,0.0385499099956159,0.0212348853179184,0.0419560842086356,0.024075638198189,0.1416005078217358,2.0767877628592744,0.0786732766791373,0.1961232025670639,0.2309144319129244,0.3854990999561595,-0.2123488531791843,-0.4195608420863566,0.2407563819818899,79,0.0852503925561905,-0.7038372159004213,-0.1923250257968902,-1.4866397380828855,-0.0814583897590637,-0.020238185301423,-0.547351062297821,0.4,-0.485,-0.3,0.3977667669440695,-0.3379982967495679,-0.2613334989889954,0.0078561863725521,0.0203804491713675,0.0240523397453696,0.0408649576618103,0.0195309806675834,0.0406606236608985,0.021990078406352,0.1520183751684125,0.6804987377528278,0.0785618637255214,-0.2038044917136748,-0.2405233974536964,0.4086495766181023,0.1953098066758342,-0.4066062366089859,-0.2199007840635207
