Iteration,q_r_0,q_r_1,q_r_2,q_r_3,q_r_4,q_r_5,q_r_6,translation_goal_r_0,translation_goal_r_1,translation_goal_r_2,translation_r_0,translation_r_1,translation_r_2,ecart_q_r_0,ecart_q_r_1,ecart_q_r_2,ecart_q_r_3,ecart_q_r_4,ecart_q_r_5,ecart_q_r_6,Ecart_pos_r,Ecart_rot_r,velocity_r_0,velocity_r_1,velocity_r_2,velocity_r_3,velocity_r_4,velocity_r_5,velocity_r_6
0,-0.11830054968595505,-0.8891770243644714,-0.3297393918037415,-0.7641962170600891,0.2493727803230286,-0.5427863001823425,-0.5011201500892639,0.4,-0.5,-0.30000000000000004,0.3999999140645351,-0.5000000699514848,-0.299999794294231,0.001366970627222061,0.0001283472890959425,0.0008885155506699327,0.0011066095670407838,0.0001800698156120828,0.00018400559280229434,0.00033603761830103274,2.3365140224486553e-07,1.716063792400746e-05,-0.2733941254444111,-0.02566945781919787,0.17770311013398737,0.22132191340816512,0.036013963122418106,-0.0368011185604543,0.06720752366020677
1,-0.11830054968595505,-0.8891770243644714,-0.3297393918037415,-0.7641962170600891,0.2493727803230286,-0.5427863001823425,-0.5011201500892639,0.4,-0.5,-0.29000000000000004,0.3998908033423814,-0.49982390873932725,-0.28983116381408547,0.029299267648312838,0.005523133177844808,0.02445388487564959,0.0541830339397078,0.0002807693302035452,0.03570548835114673,0.018481838677512186,0.0002672783189758786,0.019448995392224333,5.8598535296625665,-1.1046266355689558,-4.890776975129917,-10.836606787941562,-0.056153866040709856,7.141097670229349,-3.696367735502444
2,-0.11966752260923386,-0.8893053531646729,-0.3288508653640747,-0.7630895972251892,0.24955284595489505,-0.5429702997207642,-0.5007840991020203,0.4,-0.5,-0.28,0.39955731083825363,-0.4992634097893222,-0.27930395024810495,0.061412392946115384,0.010807240572440757,0.05070734203354449,0.1107051853895934,0.0009699362474147322,0.07183739033203962,0.037689767353158876,0.0011059041954469982,0.08051345822894973,12.282478589223077,-2.161448114488152,-10.141468406708896,-22.141037077918675,-0.19398724948294727,14.367478066407921,-7.53795347063177
3,-0.08900128304958344,-0.8947001695632935,-0.3541932702064514,-0.8183792233467102,0.2490920126438141,-0.5070807933807373,-0.5196020007133484,0.4,-0.5,-0.27,0.39962661748925243,-0.49929727686209985,-0.26947665205623317,0.05290014909167513,0.01190602146678199,0.04639317011005378,0.0989960492355344,0.002368942532397833,0.06673534774914297,0.03507991296884083,0.000952432348315301,0.0747431579483191,10.580029818335026,-2.38120429335639,-9.278634022010756,-19.799209847106887,0.4737885064795653,13.347069549828591,-7.0159825937681575
4,-0.058255128562450416,-0.9001125693321228,-0.3795582056045533,-0.8737947940826416,0.24858291447162628,-0.47113290429115295,-0.5384738445281982,0.4,-0.5,-0.26,0.39970093281567654,-0.4993569604535962,-0.2596417008277785,0.04224611467690077,0.01357979858832914,0.04088411246439988,0.08414698666955767,0.006327616364070143,0.06021999805274603,0.032370169739681875,0.0007945560620831234,0.06774273055475533,8.449222935380154,-2.7159597176658283,-8.176822492879971,-16.82939733391153,1.265523272814028,12.043999610549204,-6.474033947936385
5,-0.03610113263130189,-0.9066061973571777,-0.40058642625808716,-0.9173752665519715,0.2514609694480896,-0.44034543633461,-0.5546818971633911,0.4,-0.5,-0.25,0.399711409025288,-0.49936952106523136,-0.24970203386426218,0.038747973935453685,0.014181934184347544,0.03987950043876298,0.07942455272255289,0.008117671350312938,0.05831894513426772,0.031512766084502375,0.0007547001099236427,0.06720143144747226,7.749594787090737,-2.8363868368695146,-7.975900087752601,-15.88491054451059,1.6235342700625828,11.663789026853543,-6.302553216900479
6,-0.01600901409983635,-0.9136923551559448,-0.4204423129558563,-0.9579417705535889,0.25491052865982056,-0.4109129011631012,-0.5708439946174622,0.4,-0.5,-0.24000000000000002,0.39971711103353247,-0.4993819710505029,-0.23975218435400783,0.03570597203632955,0.014737343963984961,0.03914851121759888,0.07535516838329515,0.009783344736613742,0.056702828795446525,0.03080775611684894,0.0007234628837501456,0.06692875311301805,7.14119440726591,-2.947468792796991,-7.829702243519779,-15.071033676659049,1.9566689473227534,11.340565759089301,-6.161551223369779
7,0.0026468413416296244,-0.9207881093025208,-0.44046592712402344,-0.9967998266220093,0.2595786452293396,-0.3820264935493469,-0.586194634437561,0.4,-0.5,-0.23,0.39972191453643735,-0.49940198714845535,-0.2298012267247203,0.0321795638277871,0.015354313361961136,0.03802498187957942,0.07075612915335672,0.011528098694936206,0.054868345849171274,0.030103798575614404,0.000688811810745757,0.06581676687966365,6.435912765557419,-3.0708626723922268,-7.604996375915886,-14.151225830671352,2.3056197389872435,10.973669169834253,-6.020759715122872
8,0.019696958363056183,-0.9284297227859498,-0.4595908224582672,-1.0332969427108765,0.26469388604164124,-0.35421007871627813,-0.6016517281532289,0.4,-0.5,-0.22,0.3997239066144603,-0.4994220920872306,-0.21984296870519027,0.02888240858985587,0.01597996090678533,0.037013713265917125,0.06650140896303913,0.013196753420857799,0.05318528319705834,0.029525111149032557,0.0006594421435803968,0.06473174816289884,5.7764817179711745,-3.195992181357057,-7.402742653183422,-13.300281792607835,2.639350684171557,10.637056639411668,-5.9050222298065025
9,0.034826405346393585,-0.9361424446105957,-0.4784909188747406,-1.0675559043884277,0.2711067497730255,-0.3271581530570984,-0.6162984371185304,0.4,-0.5,-0.21,0.399722588389244,-0.4994427775734911,-0.20987900360659703,0.025744153180982512,0.01658721140046071,0.03603711952534672,0.06259565019606828,0.014768780133683768,0.05166115466156784,0.02908464447049275,0.0006341089508934889,0.06360518947991523,5.148830636196503,-3.3174422800921337,-7.2074239050693505,-12.519130039213646,2.9537560267367517,10.332230932313568,-5.816928894098541
10,0.048579368740320206,-0.9444096684455872,-0.4966045320034027,-1.099798321723938,0.2778906524181366,-0.30102479457855225,-0.6311768293380737,0.4,-0.5,-0.19999999999999998,0.39971968784832806,-0.4994634353277915,-0.19991015356660677,0.022752910273676763,0.01721788085426057,0.03509830067055919,0.058916475567137194,0.0162793994240355,0.05022808803521589,0.028737554179695146,0.0006120040289333312,0.062472306368196076,4.550582054735353,-3.4435761708521064,-7.019660134111834,-11.783295113427435,3.2558798848071016,10.045617607043178,-5.747510835939026
11,0.06057055667042732,-0.952729642391205,-0.5145280361175537,-1.1301515102386475,0.285875529050827,-0.2754969894886017,-0.6453830599784851,0.4,-0.5,-0.18999999999999997,0.39971480781671576,-0.4994848668816565,-0.1899375402891996,0.019811229399946714,0.01786241043042136,0.034096042207635846,0.05542278296142178,0.017709370699242222,0.04887537202820852,0.028504831342409997,0.0005921131027886602,0.061239511631253456,3.962245879989343,-3.5724820860842734,-6.819208441527165,-11.08455659228435,3.5418741398484492,9.775074405641703,-5.700966268482001
12,0.07133227586746217,-0.9616275429725648,-0.5317028164863586,-1.158714771270752,0.2941700518131256,-0.25079670548439026,-0.6599143743515015,0.4,-0.5,-0.17999999999999997,0.3997090539933026,-0.4995061619549467,-0.17996123986124313,0.016975761659069957,0.018544862214041835,0.03308516331862488,0.05208735120183694,0.01907859991756028,0.04757458460784547,0.02835160028112005,0.0005744805844514822,0.0600131477374282,3.395152331813991,-3.7089724428083612,-6.617032663724966,-10.417470240367395,3.8157199835120514,9.514916921569096,-5.670320056224018
13,0.08038178831338882,-0.9705920815467834,-0.5486240983009338,-1.1855742931365967,0.30358490347862244,-0.22662161290645602,-0.6738879084587097,0.4,-0.5,-0.16999999999999996,0.39970203724365766,-0.4995280116870297,-0.16998202279509533,0.014165179460911073,0.019262609356069937,0.03196767397644329,0.04888429135735395,0.02035920780222039,0.04632095232946076,0.028305405033119624,0.0005584603402604935,0.05872880115369051,2.8330358921822145,-3.852521871213984,-6.393534795288649,-9.776858271470767,4.071841560444075,9.26419046589215,-5.661081006623918
14,0.08830803632736206,-0.9801723957061769,-0.5647879838943481,-1.2108020782470703,0.3132486641407013,-0.2032221257686615,-0.6882659792900085,0.4,-0.5,-0.16000000000000006,0.39969462968280967,-0.4995496560212884,-0.15999979234776174,0.01144115030094503,0.02003175133815749,0.03080933769695593,0.04579205544109399,0.02157299959240716,0.0450873317224246,0.028331159979564258,0.000544114668890817,0.057486640561070945,2.2882300601890058,-4.006350267631505,-6.161867539391195,-9.1584110882188,4.314599918481436,9.01746634448492,-5.6662319959128515
15,0.09454696625471115,-0.9898546934127808,-0.5805917978286744,-1.234458565711975,0.3239441215991974,-0.18030066788196564,-0.7021933197975159,0.4,-0.5,-0.15000000000000005,0.39968648184953015,-0.49957168977220306,-0.15001509948231123,0.008734379461846797,0.020856031260685137,0.029514165833393502,0.04279256463645953,0.022685684374197546,0.04387108186719724,0.028461360725765328,0.0005310096762541877,0.05625060319362043,1.7468758923693584,-4.171206252137023,-5.90283316667871,-8.558512927291895,4.537136874839511,8.774216373439446,-5.692272145153054
16,0.09974918514490128,-1.0002042055130005,-0.5955973267555238,-1.256594181060791,0.3348216712474823,-0.15813478827476501,-0.7165971398353577,0.4,-0.5,-0.14000000000000004,0.39967826174007415,-0.49959345664854543,-0.14002778041860753,0.0061103746474381465,0.021742649141785808,0.028157905260072447,0.03987082066875147,0.023721417169825287,0.04264718911278573,0.028659096539359052,0.00051919625978049,0.05511145114156949,1.2220749294876283,-4.348529828357154,-5.63158105201448,-7.974164133750304,4.744283433965061,8.529437822557144,-5.731819307871819
17,0.10585956275463104,-1.021946907043457,-0.6101059913635254,-1.277251124382019,0.346629798412323,-0.1364295929670334,-0.7306546568870546,0.4,-0.5,-0.13000000000000003,0.39970693068277974,-0.49970045984785444,-0.13003942282432335,0.0032140350008810076,0.013426604048913937,0.0258123233620704,0.03652040960325009,0.02225298860234559,0.040088413277455326,0.0316857680926067,0.000420913395511448,0.04845245352010751,0.6428070001762018,-2.6853208097827865,-5.16246467241407,-7.304081920650038,4.450597720469116,8.017682655491067,-6.337153618521329
18,0.10585956275463104,-1.021946907043457,-0.6237552165985107,-1.2964650392532349,0.3585430979728699,-0.11548759788274766,-0.7452562451362611,0.4,-0.5,-0.12000000000000002,0.39966114350830384,-0.4996371554063119,-0.1200463747561303,0.0009996291680043762,0.023728630870266887,0.0250649832876505,0.03421214514432158,0.025472316451967236,0.040146812120777184,0.029324976717199136,0.0004986286585621501,0.05318088289558156,0.19992583360087468,-4.74572617405337,-5.012996657530107,-6.842429028864302,5.09446329039345,8.029362424155437,-5.864995343439825
19,0.10685919225215912,-1.04567551612854,-0.6488202214241028,-1.3306771516799927,0.3688827753067017,-0.09634117782115936,-0.7623404264450073,0.4,-0.5,-0.11000000000000001,0.39980609419992513,-0.499881301853853,-0.1099969731247254,0.0005568492238482436,0.01517018262536296,0.01006535250100371,0.013738981669161099,0.025797743065101464,0.03853642825093027,0.030179386168791233,0.00022737165868979452,0.049981095057717084,0.11136984476964923,-3.034036525072606,-2.0130705002007483,-2.7477963338322,5.159548613020295,7.707285650186053,-6.035877233758238
20,0.10741604119539261,-1.0608457326889038,-0.6588855981826783,-1.3444161415100098,0.38401541113853455,-0.07534078508615494,-0.7745811939239502,0.4,-0.5,-0.1,0.3998078229658986,-0.49987746515081843,-0.10000224146442148,0.0027870797470258835,0.013102365221375312,0.010364583256899151,0.013692216806352242,0.02455185662826742,0.03595072524088957,0.03290911094163029,0.00022792943176060877,0.043951595367502705,-0.5574159494051778,-2.620473044275082,-2.072916651379828,-2.738443361270438,4.910371325653483,7.1901450481779134,-6.5818221883260515
21,0.10741604119539261,-1.0608457326889038,-0.6588855981826783,-1.3444161415100098,0.39468052983284,-0.05780474841594696,-0.7925198078155519,0.4,-0.485,-0.1,0.39942031226933783,-0.484932965873321,-0.10001716835556491,0.005279332406044043,0.008764949762290586,0.0014302799077141604,0.07176650072065138,0.004966155685760809,0.060730363850971705,0.021157820148538176,0.0005838032131229648,0.04902542762204121,1.0558664812088077,1.7529899524581012,-0.2860559815428251,-14.353300144130278,-0.9932311371521566,12.14607277019434,-4.231564029707646
22,0.10462895780801774,-1.0739481449127197,-0.6692501902580261,-1.358108401298523,0.40856727957725525,-0.03939006105065346,-0.8074902892112732,0.4,-0.47,-0.1,0.3984835226156063,-0.4699224004428796,-0.09935415912609853,0.014771756579310555,0.042894363105941746,0.018852092241885998,0.11587614815240777,0.03734665500605899,0.08518960983216778,0.013658457441717786,0.0016501017493005263,0.24876856883662413,2.954351315862112,8.578872621188351,3.770418448377189,-23.175229630481574,-7.4693310012118,17.037921966433554,-2.731691488343553
23,0.11940071731805803,-1.0310537815093994,-0.6603158712387085,-1.4161826372146606,0.3897143602371216,0.0029256155248731375,-0.8136776089668274,0.4,-0.455,-0.1,0.3986061738995277,-0.45482991798534844,-0.0996295722710952,0.001055875762326186,0.018230615942044004,0.03087609103049127,0.10745988220104641,0.03900722411391716,0.08402582413599896,0.00889554305703455,0.0014522037709658508,0.24959062077084582,-0.2111751524652377,3.6461231884087884,6.175218206098249,-21.491976440209275,-7.801444822783434,16.805164827199793,-1.7791086114069192
24,0.11940071731805803,-1.0310537815093994,-0.650398075580597,-1.4739845991134644,0.3712206184864044,0.04579954966902733,-0.8211487531661988,0.4,-0.44,-0.1,0.39867677393934486,-0.4397575897137201,-0.09949737951202894,0.0009462631887657974,0.03010399308169598,0.04558745498792305,0.0969891153596738,0.045992526196824535,0.08106883360297173,0.007067514244883277,0.0014360770555299416,0.2666977707498859,0.1892526377531584,6.02079861633919,9.117490997584602,-19.39782307193476,-9.198505239364904,16.21376672059435,-1.413502848976657
25,0.11834484338760377,-1.012823224067688,-0.6294397711753845,-1.5236425399780273,0.3712206184864044,0.04579954966902733,-0.8211487531661988,0.4,-0.425,-0.1,0.3980293852535874,-0.4247971759023729,-0.09948112324212435,0.0023738431551109107,0.02955926047647328,0.04824059248585133,0.0941546348397766,0.06594070665582213,0.12318736733891833,0.005441424253132543,0.002047850869380072,0.37172903112133326,-0.4747686310221808,5.911852095294647,9.648118497170259,-18.83092696795531,-13.188141331164429,24.637473467783668,-1.0882848506264993
26,0.11834484338760377,-1.012823224067688,-0.6294397711753845,-1.5236425399780273,0.35070714354515076,0.08695144206285477,-0.8225731253623962,0.4,-0.41000000000000003,-0.1,0.3969894676023115,-0.40964914181455825,-0.09894271454908729,0.002390535840465155,0.0416545881612006,0.07416986071528098,0.14045799029331074,0.07121051007453127,0.12188743380440925,0.0074225713166854446,0.003210024814317686,0.5970581905112908,-0.4781071680930302,8.330917632240112,14.83397214305619,-28.091598058662164,-14.24210201490626,24.377486760881848,-1.484514263337092
27,0.11597099900245667,-0.9832639694213868,-0.5811991691589355,-1.6177971363067627,0.3052799105644226,0.16898691654205325,-0.8265901803970337,0.4,-0.395,-0.1,0.39866606493888773,-0.3948346778633138,-0.09960071575565695,0.014489385176110689,0.017697939482434033,0.0698213481638732,0.07794242157202502,0.05564776867560628,0.07967369461439297,0.004412665056173104,0.001402191878425974,0.25723460647469665,-2.897877035222138,3.5395878964868057,13.964269632774629,-15.588484314404981,-11.129553735121254,15.934738922878596,0.8825330112346209
28,0.11595430970191956,-0.9711686372756959,-0.5552698969841003,-1.664100527763367,0.3052799105644226,0.16898691654205325,-0.8265901803970337,0.4,-0.38,-0.1,0.39800869777414716,-0.37973712081981575,-0.09961759803401746,0.024565748906554205,0.017579786363727035,0.07861616694257667,0.07062058237705648,0.08079374628342284,0.1213000244396337,0.009875740969457092,0.002044656763774359,0.36913282700006783,-4.913149781310841,3.515957272745406,15.723233388515334,-14.124116475411293,-16.15874925668457,24.260004887926733,1.975148193891416
29,0.0913885608315468,-0.9535888433456421,-0.5113778114318848,-1.695739507675171,0.24963213503360748,0.248660609126091,-0.822177529335022,0.4,-0.365,-0.1,0.39865171368853847,-0.3649941507851096,-0.09960926719175345,0.019047179889632823,0.009019341626457567,0.07877971014933849,0.0695328954608494,0.054809817456360654,0.08117994600470724,0.01862490632967362,0.0014037743117857944,0.21834358217392946,-3.8094359779265647,1.8038683252915189,15.755942029867695,-13.906579092169899,-10.961963491272131,16.235989200941454,3.724981265934734
30,0.0913885608315468,-0.9535888433456421,-0.47665372490882874,-1.734721064567566,0.2244861572980881,0.29028692841529846,-0.8167144656181335,0.4,-0.35,-0.1,0.3986285689865273,-0.34996325565686454,-0.09960929606628312,0.03278779246302941,0.011243328561534094,0.09086434523627196,0.061557014751166594,0.06500325306379753,0.07890305328971614,0.018996017195284876,0.0014264721291665906,0.22788039139609087,-6.557558492605882,2.24866571230681,18.172869047254387,-12.311402950233326,-13.000650612759504,15.780610657943228,3.7992034390569644
31,0.07234138250350954,-0.9445695281028748,-0.4325981140136719,-1.7652723789215088,0.1948223114013672,0.3298405408859253,-0.8035526275634766,0.4,-0.33499999999999996,-0.1,0.3986450914205698,-0.3349882557979966,-0.09957613668337949,0.03723731224693997,0.012923175195242331,0.09447439033902683,0.05903162209999113,0.06581085860682645,0.07936272964592778,0.022941904795122814,0.001419709581594363,0.22111367242849841,-7.447462449387994,2.5846350390484645,18.894878067805358,-11.806324419998203,-13.162171721365292,15.872545929185552,4.588380959024557
32,0.05860076844692231,-0.9423454999923706,-0.3857893943786621,-1.7962781190872192,0.1594829112291336,0.369189977645874,-0.7977184653282166,0.4,-0.32,-0.1,0.3986628477691749,-0.3199937317283663,-0.09952218069179733,0.045541005617524125,0.012898766036160914,0.10174259003880337,0.05335339466047362,0.06873466580105628,0.07883155139639109,0.029778674280267925,0.001419974179667088,0.20848691895269011,-9.108201123504825,2.5797532072321836,20.34851800776067,-10.670678932094711,-13.746933160211254,15.766310279278217,5.955734856053582
33,0.035104069858789444,-0.9316463470458984,-0.33812370896339417,-1.8243039846420288,0.12901145219802856,0.40920326113700867,-0.7806107401847839,0.4,-0.305,-0.1,0.39870309119591346,-0.30495119652761127,-0.09942142296134827,0.05271107023560162,0.015267787932569332,0.10731330371183509,0.04785417572732187,0.07156556497567901,0.07767638633782037,0.03759631211273218,0.0014209523618648999,0.20094620778866806,-10.542214047120323,3.053557586513859,21.462660742367017,-9.570835145464363,-14.313112995135802,15.535277267564078,7.519262422546433
34,0.013059763237833977,-0.9294467568397523,-0.28404679894447327,-1.8496315479278567,0.09074824303388596,0.44802153110504156,-0.7679398059844971,0.4,-0.29000000000000004,-0.1,0.39876180553348584,-0.28986775884647975,-0.09928629801075278,0.06122784297980467,0.018606984031006468,0.11309217991484377,0.04218405909324208,0.07406553361961929,0.07634342855524917,0.0460908377809256,0.0014352643620762586,0.1971300154943745,-12.245568595960934,3.7213968062013003,22.618435982968755,-8.436811818648412,-14.813106723923857,15.268685711049843,9.218167556185117
35,-0.01760699972510338,-0.9163785576820374,-0.23081040382385254,-1.872158169746399,0.057445887476205826,0.48687964677810674,-0.7430144548416138,0.4,-0.275,-0.1,0.3988353079025226,-0.2747281473904586,-0.09912024860817767,0.06692855437738754,0.024015815707150612,0.11600755812413875,0.03639712249959959,0.07710834814509263,0.07369776262370925,0.05564177471365339,0.0014847134520351794,0.20445829946046745,-13.385710875477507,4.803163141430111,23.20151162482775,-7.279424499919927,-15.421669629018524,14.739552524741859,11.128354942730676
36,-0.048168078064918525,-0.9108397960662843,-0.17095461487770083,-1.8918156623840334,0.016682708635926247,0.5243649482727051,-0.7218489646911621,0.4,-0.26,-0.1,0.3989174646559473,-0.259539223528917,-0.09892344124802292,0.07296497992851672,0.030520577581622188,0.11834183211526993,0.030510250475003664,0.07986816810064741,0.070704299869914,0.06577184839795891,0.0015947339821692876,0.2204426082272851,-14.592995985703343,6.104115516324444,23.668366423053985,-6.1020500950007355,-15.973633620129482,14.140859973982803,13.15436967959179
37,-0.08453555405139923,-0.8923627138137818,-0.11480284482240677,-1.908555269241333,-0.019662460312247276,0.560577392578125,-0.6873726844787598,0.4,-0.245,-0.1,0.3989769351702091,-0.24435725098660496,-0.0987646159256327,0.07469031497211276,0.037389917398990224,0.11752882992134436,0.024524982848425303,0.08398095174083281,0.06610398688487917,0.07573644601086749,0.0017279935623073916,0.23987128699497778,-14.938062994422554,7.477983479798049,23.505765984268873,-4.9049965696850615,-16.79619034816656,13.220797376975844,15.147289202173491
38,-0.12113305926322937,-0.8803192377090454,-0.0526127815246582,-1.9223259687423706,-0.06318546086549759,0.5950692296028137,-0.6560770869255066,0.4,-0.22999999999999998,-0.1,0.3990259565210035,-0.2291640277689623,-0.09861014963356574,0.076120101160992,0.044591316277421966,0.11602016682490375,0.01845332468416938,0.08796124155156093,0.06102044039209542,0.0855191204618222,0.0018919022995702716,0.26017708046866417,-15.224020232198399,8.918263255484392,23.20403336498075,-3.6906649368338798,-17.592248310312183,12.204088078419089,17.103824092364434
39,-0.15922586619853976,-0.8549727797508241,0.0027259851340204477,-1.9330801963806155,-0.10364340990781784,0.626681387424469,-0.611636221408844,0.4,-0.21500000000000002,-0.1,0.39903167568315506,-0.214055409905806,-0.09854718293449106,0.07400453836873791,0.05010821742770388,0.11286004427117967,0.012320905385234227,0.09341631939127978,0.05449043447232205,0.09357653027600898,0.001985089381986808,0.2679141757753614,-14.800907673747579,10.021643485540773,22.572008854235932,-2.4641810770468355,-18.683263878255957,10.898086894464418,18.71530605520179
40,-0.19725316762924194,-0.8357279300689697,0.06340738385915756,-1.9407793283462524,-0.15114669501781464,0.6560896635055543,-0.5705579519271851,0.4,-0.2,-0.1,0.3990279568147298,-0.19895595840604585,-0.0984930790972196,0.07215889203976722,0.05550255172729146,0.10954372787236727,0.006142749077235887,0.09821291299373136,0.04767241872722794,0.10073658649304418,0.0020750184122491824,0.2714502448796582,-14.431778407953447,11.100510345458298,21.908745574473453,-1.2285498154471977,-19.64258259874627,9.53448374544559,20.147317298608833
41,-0.2332304120063782,-0.8048645853996277,0.06340738385915756,-1.9407793283462524,-0.15114669501781464,0.6560896635055543,-0.5705579519271851,0.4,-0.2,-0.11000000000000001,0.3986863770948342,-0.19925371263696331,-0.10914694287061882,0.007167711450763309,0.03617527877942128,0.10293667025108444,0.0075210878171068085,0.11761081623310915,0.01354174348864079,0.11651054921115223,0.0017350090579569604,0.14416641903641286,-1.4335422901526604,7.235055755884257,20.58733405021689,1.5042175634213537,-23.522163246621826,2.708348697728155,23.302109842230443
42,-0.2694120705127716,-0.780225396156311,0.1729511171579361,-1.9469220638275149,-0.2493596076965332,0.7037620544433594,-0.46982136368751526,0.4,-0.2,-0.12000000000000002,0.3991675550240671,-0.20035491586886975,-0.12012516036796539,0.050332319366113876,0.0021977088362160613,0.007710145253051692,0.03314312888964799,0.04643842500026957,0.0710871386208608,0.005851904989845447,0.000913561727329231,0.13886808085283064,10.066463873222773,-0.4395417672432059,1.5420290506103407,6.628625777929613,-9.28768500005391,-14.217427724172168,1.1703809979690911
43,-0.2403981238603592,-0.7686893343925477,0.16634406149387362,-1.933258295059204,-0.26875752210617065,0.6696314215660095,-0.45404741168022156,0.4,-0.2,-0.13000000000000003,0.3992027899257794,-0.2002959515755824,-0.13016050619653347,0.04421648907942716,0.00046012634841230415,0.008212484889382504,0.0365569221167894,0.03690358831916918,0.07192580628545531,0.0007340080291718953,0.0008653863164241563,0.10909727429026361,8.843297815885432,0.09202526968245608,1.6424969778764997,7.31138442335789,-7.38071766383384,-14.385161257091072,0.14680160583437396
44,-0.21907974779605865,-0.7824230790138245,0.18066126108169556,-1.9137789011001587,-0.29579803347587585,0.6326749324798585,-0.46396946907043457,0.4,-0.2,-0.14000000000000004,0.3993195874473441,-0.20022594326422105,-0.1401447539695136,0.037248485832985484,0.004083688347448211,0.011341284224474057,0.035640203456871244,0.03251380894819045,0.0641762766551307,0.00021245491069143974,0.0007314132294049385,0.08570327642121356,7.449697166597097,0.8167376694896512,2.268256844894814,7.128040691374235,-6.50276178963809,-12.83525533102613,-0.042490982138289723
45,-0.19618164002895358,-0.7682291865348816,0.17455655336380005,-1.8967013359069824,-0.3056611120700837,0.597705602645874,-0.453313410282135,0.4,-0.2,-0.15000000000000005,0.39931771807751715,-0.200198106946534,-0.15014661441001156,0.034273702307278525,0.005365287789982243,0.011801098592377546,0.03792158184698624,0.030362873410494595,0.06440850384907648,0.000970409463248445,0.0007254314366189091,0.0823424353858968,6.8547404614557035,1.0730575579964523,2.360219718475508,7.584316369397249,-6.072574682098918,-12.881700769815287,-0.1940818926496898
46,-0.1818312555551529,-0.7783393859863281,0.19200254976749423,-1.8781386613845825,-0.3283118307590485,0.5684986710548401,-0.46418192982673645,0.4,-0.2,-0.16000000000000006,0.3993155896781335,-0.2001753417190379,-0.16013882341159824,0.031420485736677994,0.006432771522359548,0.01302956135229938,0.03991483163485676,0.029485593825947343,0.06397223730882806,0.001709956954942915,0.000720023712609749,0.0812894564681983,6.2840971473356015,1.2865543044719001,2.605912270459875,7.982966326971355,-5.8971187651894645,-12.794447461765618,-0.3419913909885885
47,-0.16190794110298157,-0.7628638744354248,0.18635764718055725,-1.858779788017273,-0.3283118307590485,0.5684986710548401,-0.46418192982673645,0.4,-0.2,-0.16999999999999996,0.3989792063387797,-0.200165078172922,-0.17010794902781415,0.028503561075925,0.002864105451553578,0.017358504549010556,0.040984586053584904,0.038685108761728315,0.09794364862333327,0.00423136006661623,0.0010396747061311436,0.11713982446565296,5.700712215185002,0.5728210903107046,3.471700909802114,8.196917210716975,-7.73702175234566,-19.58872972466665,0.8462720133232429
48,-0.13340437412261963,-0.7599997520446778,0.2050321102142334,-1.8382238149642944,-0.3577974140644074,0.5045264363288879,-0.4658918976783753,0.4,-0.2,-0.17999999999999997,0.39949962481620716,-0.2000675300740491,-0.18013678513014847,0.0088441091251866,0.002528118416078473,0.009678144825439883,0.04544156171077862,0.02229041597507614,0.06537101399657153,0.0004005086631769239,0.000523111658526708,0.07106076275130135,1.7688218250373187,0.5056236832156982,1.935628965087979,9.088312342155708,-4.458083195015224,-13.074202799314307,0.0801017326353842
49,-0.13340437412261963,-0.7599997520446778,0.20371615886688232,-1.8177951574325562,-0.36699694395065313,0.47055503726005554,-0.4599505662918091,0.4,-0.2,-0.18999999999999997,0.39931539558810325,-0.20009284486721815,-0.19013439049267697,0.020894629898954672,0.010574470688740845,0.015279932354221204,0.048442134009414994,0.02326479089855954,0.06404707953506256,0.0056273785176370605,0.0007038211240643778,0.07353223710674683,4.178925979790935,2.1148941377481725,3.055986470844243,9.688426801883008,-4.652958179711914,-12.80941590701251,-1.1254757035274103
50,-0.11250974237918855,-0.7494252920150757,0.21899609267711642,-1.7693530321121216,-0.380087822675705,0.4391554296016693,-0.46549138426780706,0.4,-0.2,-0.19999999999999998,0.39967002686568076,-0.2000446432338625,-0.2000305720941114,0.007019104939984491,0.005431414321434902,0.009254412959369018,0.026404354181922773,0.021347639509244787,0.0638326407202513,0.004291471204980024,0.00033437993456625993,0.04439481147932156,1.403820987996897,1.0862828642869846,1.8508825918738032,5.280870836384537,-4.269527901848962,-12.766528144050259,-0.8582942409959996
51,-0.11250974237918855,-0.7494252920150757,0.21899609267711642,-1.7693530321121216,-0.3902617394924164,0.40650796890258795,-0.4655779302120209,0.4,-0.2,-0.21,0.3993197379043723,-0.20004452053643254,-0.21010350226617883,0.01626496842057061,0.012279451589229495,0.016152763564875272,0.05176192193339757,0.0216516122737338,0.06336603699698529,0.006630964317838883,0.0006895297789190869,0.07376174960432991,3.2529936841141223,2.4558903178459026,3.2305527129750566,10.3523843866795,-4.3303224547467645,-12.673207399397059,-1.3261928635677778
52,-0.10549063980579376,-0.7439938783645631,0.2282505035400391,-1.7429486513137817,-0.4014354646205902,0.3753227889537812,-0.4697828590869904,0.4,-0.2,-0.22,0.3993152793215841,-0.20002751320511902,-0.2200848203135889,0.014993317866719563,0.012791286243059474,0.016365631993123603,0.052968008545246414,0.02114867817594035,0.06338930694367029,0.00724961445353739,0.0006905026209244813,0.07439225949298134,2.9986635733439138,2.5582572486119055,3.27312639862472,10.593601709049297,-4.229735635188071,-12.677861388734055,-1.4499228907074806
53,-0.09624477475881577,-0.7371458411216736,0.23514886200428012,-1.7175911664962769,-0.41191336512565613,0.34314194321632385,-0.4722088873386383,0.4,-0.2,-0.23,0.39932327960663816,-0.19999325280927155,-0.23007583722782865,0.010718969277569615,0.014357899098438098,0.016966234646732276,0.05647826058637406,0.019315870285233627,0.06311568217827801,0.00840030224282845,0.000680989941555155,0.07443760575620217,2.143793855513922,2.871579819687623,3.3932469293464544,11.295652117274802,-3.8631740570467294,-12.623136435655605,-1.680060448565687
54,-0.09049732238054276,-0.7312026023864746,0.24461613595485687,-1.6899806261062622,-0.42258414626121527,0.31193348765373236,-0.477032482624054,0.4,-0.2,-0.24000000000000002,0.3993251397320068,-0.19996720107433255,-0.2400595895217807,0.008013636177382114,0.015413904882476737,0.017307025291392997,0.058891327754703626,0.018299251239108916,0.06301626836522745,0.009236560818094819,0.0006782794866033425,0.075546563493333,1.602727235476423,3.0827809764953455,3.4614050582785945,11.77826555094071,-3.6598502478217805,-12.603253673045488,-1.8473121636189656
55,-0.0824836865067482,-0.715788722038269,0.2521151006221771,-1.6611129045486452,-0.43122923374176025,0.2800262570381165,-0.4806091785430908,0.4,-0.2,-0.25,0.3993662300111912,-0.19996136223837155,-0.2500538057036262,0.0029891088393373677,0.011236825600598133,0.015099859917977965,0.061429485130963135,0.015621522348902739,0.06382972860608616,0.008430191010782906,0.0006372223545051571,0.07324564093136132,0.5978217678674747,2.2473651201196216,3.0199719835955947,12.285897026192638,-3.1243044697805504,-12.76594572121723,-1.686038202156583
56,-0.07949458062648773,-0.7045518755912781,0.2619231641292572,-1.6310893297195437,-0.4408833980560303,0.24891722202301025,-0.4862690567970276,0.4,-0.2,-0.26,0.3993717367634109,-0.19996510594781475,-0.2600442364764622,0.0008842790425361013,0.008825194625655675,0.014019116535952725,0.06391331697255809,0.013927442222515296,0.06426182127644503,0.008474400776602165,0.0006307845552778758,0.07282519521231734,0.17685580850722024,1.7650389251311442,2.803823307190547,12.78266339451162,-2.7854884445030583,-12.85236425528901,-1.6948801553204287
57,-0.07861030101776123,-0.6957266926765442,0.26721495389938354,-1.599683403968811,-0.4468507468700409,0.21619652211666107,-0.4890393614768982,0.4,-0.2,-0.27,0.39934914130675225,-0.19994124748283962,-0.27001999692262135,0.0004460998786612741,0.011243697513315332,0.014975863958461899,0.06615271321227967,0.013970884226884694,0.06403274812106094,0.00975091155256863,0.0006538109617949207,0.07598031308424424,0.08921997573225587,2.248739502663069,2.9951727916923767,13.230542642455948,-2.794176845376938,-12.806549624212188,-1.9501823105137217
58,-0.07861030101776123,-0.6957266926765442,0.27594226598739624,-1.5671759843826294,-0.45481082797050476,0.18465539813041687,-0.49474346637725836,0.4,-0.2,-0.28,0.39933032335590557,-0.1998667003499381,-0.27998024582249736,0.0018594150651200236,0.019148023005513326,0.017725845556384512,0.06858216113656335,0.0152382945404414,0.06318027686824812,0.012128399928294675,0.0006831001624074218,0.08327883869606012,-0.3718830130240054,3.829604601102675,3.545169111276903,13.716432227312675,-3.0476589080882794,-12.636055373649624,-2.425679985658938
59,-0.08046971261501314,-0.6765786409378052,0.29366812109947205,-1.498593807220459,-0.4608216285705567,0.15216377377510074,-0.49879026412963867,0.4,-0.2,-0.29000000000000004,0.3996722684577296,-0.19997362305632108,-0.2900003059786382,0.0038271155786319677,0.010845098937094844,0.0083794210759775,0.037847470065288435,0.01565955351412318,0.06275492277704293,0.015045061106366386,0.00032879142412741775,0.05160402105233364,-0.7654231157263945,2.16901978741896,1.675884215195499,7.569494013057669,-3.1319107028246367,-12.550984555408586,-3.0090122212732746
60,-0.08046971261501314,-0.6765786409378052,0.29366812109947205,-1.498593807220459,-0.470049113035202,0.12147512286901474,-0.5068718791007996,0.4,-0.2,-0.30000000000000004,0.3993273755753335,-0.19981886230259352,-0.2999328574868348,0.006680893953198472,0.02099958212707742,0.017503789896170463,0.07422099491502743,0.013870408591760752,0.06373419571873791,0.01400244061507605,0.0006998161181009327,0.08890847551805336,-1.3361787906396947,4.199916425415478,3.5007579792340913,14.844198983005487,-2.7740817183521482,-12.746839143747582,-2.8004881230152163
61,-0.08429682999849321,-0.6657335162162781,0.30204755067825323,-1.4607462882995605,-0.476481169462204,0.08940885215997696,-0.5138353109359741,0.4,-0.21500000000000002,-0.30000000000000004,0.3997248069153713,-0.21519162038239376,-0.29973135414329277,0.014614246393051353,0.020002381414276016,0.015590463025712598,0.03849227765588048,0.011181075142064012,0.04218146355730833,0.039420147704193886,0.000429674529268565,0.04143972605619309,2.9228492786102693,-4.000476282855194,-3.1180926051425213,7.698455531176097,2.2362150284128077,-8.436292711461665,-7.884029540838787
62,-0.08715060353279114,-0.6555790305137634,0.31117191910743713,-1.4243727922439575,-0.48391953110694885,0.05774092674255371,-0.5208743214607239,0.4,-0.23,-0.30000000000000004,0.3999052972892995,-0.22946770966071836,-0.2985924656259891,0.034287160504523136,0.060549943318729205,0.046617215518513444,0.0028365111573560586,0.035200855577158296,0.020274553101370496,0.0629155396800124,0.0015077979382957494,0.09235218955836899,6.857432100904627,-12.10998866374585,-9.323443103702685,0.5673022314712137,7.040171115431658,-4.054910620274098,-12.583107936002483
63,-0.06968258321285248,-0.6857358813285828,0.28645709156990057,-1.422253966331482,-0.4653000831604004,0.047227390110492706,-0.5532554388046265,0.4,-0.245,-0.30000000000000004,0.39991735008988427,-0.24449787670664522,-0.29864669062519233,0.034668156173825106,0.05869888944681545,0.04580518850959947,0.008135888020070814,0.03311561769395277,0.025062139366010785,0.062255291544482505,0.001445823320227622,0.09231459721922874,6.933631234765021,-11.739777889363085,-9.161037701919893,1.6271776040141503,6.62312353879055,-5.0124278732021565,-12.451058308896503
64,-0.05286344140768051,-0.7161289453506471,0.2645547091960907,-1.4215363264083862,-0.4487186670303345,0.03746637329459191,-0.5837898850440979,0.4,-0.26,-0.30000000000000004,0.3999015990700074,-0.2595861161410085,-0.29861072942549105,0.03513154192733144,0.0569457206849322,0.046325287327011466,0.017368971606825045,0.031427116695378454,0.03187458860227101,0.06475656599975399,0.0014529471156768425,0.09276554468522136,7.026308385466288,-11.389144136986445,-9.26505746540229,3.4737943213649953,6.285423339075695,-6.374917720454203,-12.951313199950787
65,-0.035014428198337555,-0.7444347739219666,0.2406519055366516,-1.4141180515289307,-0.43218445777893066,0.022165250033140182,-0.6155107021331788,0.4,-0.275,-0.30000000000000004,0.3998869914867161,-0.27462995742071067,-0.298636953787353,0.03417893562016821,0.054988323670280725,0.045950817929329785,0.02306298513024929,0.03016502715413505,0.03580285337179413,0.06448292541971412,0.0014168971071934684,0.09087304010216712,6.835787124033642,-10.997664734056144,-9.190163585865958,4.612597026049867,6.0330054308270125,-7.160570674358826,-12.89658508394283
66,-0.01773189939558506,-0.7730746865272522,0.21822942793369296,-1.4041674137115479,-0.41729155182838445,0.005591784603893757,-0.6485464572906494,0.4,-0.29000000000000004,-0.30000000000000004,0.39985751594624297,-0.28968639347975866,-0.29867557872690553,0.032736043823754335,0.052731684444281446,0.04504722828051963,0.02919195224808102,0.02877626516069104,0.03993133236278646,0.06377452936734218,0.0013684818097944274,0.08871348027949152,6.5472087647508665,-10.546336888856287,-9.009445656103924,5.8383904496162025,5.755253032138214,-7.986266472557292,-12.754905873468427
67,-0.0008354925666935743,-0.799423098564148,0.19470109045505524,-1.3910551071166992,-0.4020194411277771,-0.013637603260576725,-0.6799936294555664,0.4,-0.305,-0.30000000000000004,0.3998169310260171,-0.3047393091497804,-0.29871222826323146,0.030979239451116327,0.0504963760221524,0.04405098221543802,0.035109139986291504,0.027629101804755363,0.04388630014180506,0.0627707193878908,0.0013265858489533685,0.0872439102455457,6.195847890223265,-10.099275204430484,-8.8101964430876,7.021827997258309,5.52582036095107,-8.777260028361011,-12.55414387757817
68,0.015004144050180912,-0.8258063793182373,0.17318220436573029,-1.3749754428863525,-0.38851529359817505,-0.0343395471572876,-0.7123209834098816,0.4,-0.32,-0.30000000000000004,0.39976416292405853,-0.31979345435137363,-0.2987539641733416,0.028760188687714988,0.04818435108246921,0.04264683445108,0.041075418607352754,0.026501151552120794,0.047795075648461166,0.06147538759384885,0.0012848678969728804,0.08639050556285478,5.752037737542998,-9.636870216493843,-8.529366890216,8.21508372147056,5.300230310424156,-9.559015129692234,-12.295077518769764
69,0.030143747106194496,-0.8499194979667664,0.15065011382102966,-1.3559459447860718,-0.3743903338909149,-0.057523902505636215,-0.7427643537521362,0.4,-0.335,-0.30000000000000004,0.3996966048338319,-0.33484959739349296,-0.29880048775929846,0.025923644703878646,0.04577020490623673,0.04090732123563974,0.04715537198476216,0.02558747326838584,0.05168375193504671,0.05976577658870341,0.0012463944746713344,0.08664491250578822,5.184728940775729,-9.154040981247357,-8.181464247127948,9.431074396952429,5.1174946536771655,-10.33675038700934,-11.953155317740693
70,0.04376433417201042,-0.8739907145500184,0.13053536415100098,-1.333899974822998,-0.36201414465904236,-0.08213461935520172,-0.7737963795661926,0.4,-0.35,-0.30000000000000004,0.3996157458172906,-0.3499050085488808,-0.29885062988373307,0.02248482034797361,0.04331981005737995,0.038676138004023336,0.05335400243300592,0.02475752004617232,0.0555565588440875,0.057825704850017146,0.001215617668875782,0.0884851622415063,4.49696406959472,-8.663962011475993,-7.735227600804667,10.670800486601204,4.951504009234462,-11.1113117688175,-11.565140970003421
71,0.05606739223003388,-0.8956897258758546,0.10974279046058655,-1.3087905645370483,-0.36201414465904236,-0.08213461935520172,-0.7737963795661926,0.4,-0.365,-0.30000000000000004,0.3991319613678256,-0.3648600320376642,-0.2986403113757492,0.02149724576073212,0.04087677952533275,0.03935041428154454,0.05625750919109507,0.04007695404348305,0.08438251782335437,0.08410037087083122,0.0016192082177239758,0.20350851470394515,4.2994491521464235,-8.175355905066562,-7.870082856308907,11.251501838219022,8.015390808696605,-16.876503564670873,-16.820074174166248
72,0.06624915450811386,-0.9173105359077454,0.10974279046058655,-1.3087905645370483,-0.3488028645515442,-0.1092076525092125,-0.8025301098823547,0.4,-0.38,-0.30000000000000004,0.39887941085247175,-0.38004124755235436,-0.29793656333359186,0.01849264656354005,0.0433863771833769,0.05033740890084783,0.08826215815705529,0.03240326341465305,0.08726134543552166,0.08816617076457456,0.0023484446500633286,0.18037360665192873,3.698529312708009,-8.677275436675389,-10.067481780169565,17.65243163141107,6.480652682930605,-17.452269087104334,-17.633234152914902
73,0.06624915450811386,-0.9173105359077454,0.09185922890901566,-1.280545949935913,-0.3372566103935242,-0.1376911848783493,-0.8316220641136169,0.4,-0.395,-0.30000000000000004,0.3987599470709358,-0.39490806604303286,-0.2976180380505013,0.021902064832280244,0.05865734312035831,0.050533427582579254,0.09629842824734891,0.03620804093399055,0.0931622566771082,0.08032831549052,0.0026869919702493007,0.21917523127419936,4.380412966456048,-11.731468624071667,-10.106685516515851,19.259685649469777,7.241608186798111,-18.63245133542164,-16.06566309810399
74,0.08474180102348328,-0.9606969356536866,0.059405382722616196,-1.2205283641815186,-0.31639960408210754,-0.1964689940214157,-0.8906962871551514,0.4,-0.41000000000000003,-0.30000000000000004,0.399038405646635,-0.41016261938957055,-0.2991306564175369,0.00490003428463999,0.031092479434764342,0.020335960646322516,0.08654110993405051,0.02318102985554099,0.07477937826802633,0.04473333164092763,0.0013064712130994853,0.1284029659826339,-0.9800068569279967,-6.218495886952866,-4.0671921292645035,17.30822198681011,4.636205971108194,-14.955875653605267,-8.946666328185525
75,0.08815121650695801,-0.9759678840637207,0.041325800120830536,-1.1842474937438965,-0.3010485768318177,-0.2308534383773804,-0.9119503498077393,0.4,-0.425,-0.30000000000000004,0.39885150592273405,-0.42518779025095643,-0.29917857896362765,0.014307540183113102,0.028497268123470088,0.013964547824992835,0.09611070194313287,0.023597082656315327,0.08030290370136747,0.04042343711910079,0.0014244424673760597,0.1451698158304159,-2.8615080366226198,-5.699453624694023,-2.792909564998567,19.222140388626567,4.719416531263066,-16.06058074027349,-8.084687423820158
76,0.07984177023172379,-0.9917894005775452,0.03906942158937454,-1.133987307548523,-0.29321858286857605,-0.27124837040901184,-0.9354296326637268,0.4,-0.44,-0.30000000000000004,0.3988158585973064,-0.4401522028290377,-0.2991753006016441,0.01851389397196066,0.028747371313615933,0.01147906960901457,0.09646639547830516,0.02539175769134988,0.08011204106874603,0.039115437197526526,0.0014510291728249206,0.15459239634744396,-3.702778794392132,-5.749474262723203,-2.2958139218029143,19.293279095661017,5.0783515382699775,-16.022408213749213,-7.823087439505312
77,0.07384367287158966,-1.004465103149414,0.027361251413822174,-1.0881367921829224,-0.2774514853954315,-0.31115633249282837,-0.9523738026618958,0.4,-0.455,-0.30000000000000004,0.3986251132204432,-0.45516112069614856,-0.2992012104350291,0.03009322239229721,0.02673406429182701,0.003769727639145279,0.10575095031187942,0.0269874400118848,0.08494952257995636,0.03436160399269328,0.0015982297408176258,0.17573553431014433,-6.018644478459442,-5.346812858365393,-0.7539455278290554,21.150190062375888,5.397488002376961,-16.989904515991267,-6.872320798538651
78,0.06132787466049195,-1.0205367803573608,0.027590351179242134,-1.0375208854675293,-0.2678268253803253,-0.35136041045188904,-0.9745450615882874,0.4,-0.47000000000000003,-0.30000000000000004,0.3984201036484582,-0.47013975201273595,-0.2992105434133445,0.042541684982738935,0.024316142615991465,0.0047327057618848645,0.11571215909149457,0.02871347768799748,0.09041652753257179,0.02965456522526133,0.0017716785286537415,0.1978061883795421,-8.508336996547786,-4.863228523198301,0.9465411523769732,23.14243181829891,5.742695537599494,-18.083305506514364,-5.930913045052252
79,0.018786190077662468,-1.0448529720306396,0.03232305869460106,-0.9218087196350098,-0.2504640519618988,-0.3961058557033539,-0.9867354035377502,0.4,-0.485,-0.30000000000000004,0.3991140228841647,-0.485073918124461,-0.29964029386247226,0.04297841153113382,0.009608910588285502,0.018046167783183263,0.07432170832989449,0.029308828574530404,0.09934426425987503,0.02510583763966112,0.0009590661313396831,0.11096274958797268,-8.595682306226763,-1.9217821176571208,3.6092335566366525,14.8643416659789,5.8617657149060785,-19.868852851975003,-5.021167527932209
