Iteration,q_l_0,q_l_1,q_l_2,q_l_3,q_l_4,q_l_5,q_l_6,translation_goal_l_0,translation_goal_l_1,translation_goal_l_2,translation_l_0,translation_l_1,translation_l_2,ecart_q_l_0,ecart_q_l_1,ecart_q_l_2,ecart_q_l_3,ecart_q_l_4,ecart_q_l_5,ecart_q_l_6,Ecart_pos_l,Ecart_rot_l,velocity_l_0,velocity_l_1,velocity_l_2,velocity_l_3,velocity_l_4,velocity_l_5,velocity_l_6
0,-0.1179671436548233,0.8874088525772096,0.3295479118824005,-0.7620424628257751,-0.24866996705532074,-0.5412565469741821,0.4997078478336334,0.4,0.5,-0.30000000000000004,0.3999957358001841,0.5000201115007724,-0.3000025188096312,0.001869089593570572,0.0015000672747084165,0.00018496134172707457,0.0010943507461174118,0.0016518802087200357,0.0013011798716234813,3.6478358022506985e-05,2.0712321582738934e-05,0.013770005569404825,-0.18690895935705723,0.15000672747084473,0.018496134172705528,-0.10943507461173736,-0.16518802087200304,-0.1301179871623445,0.003647835802250695
1,-0.11830054968595505,0.8891770243644714,0.3297393918037415,-0.7641962170600891,-0.2493727803230286,-0.5427863001823425,0.5011201500892639,0.4,0.4902,-0.30000000000000004,0.39992772816410066,0.4901074825930525,-0.29987699904642,0.024668283722284357,0.01835382164246635,0.00976501731600371,0.050001840026473454,0.01582517539058753,0.025952509051997752,0.004728557259414012,0.00017003506530759881,0.19549580921341203,2.466828372228436,-1.8353821642466368,0.9765017316003738,-5.000184002647342,1.5825175390587534,2.595250905199778,0.4728557259413988
2,-0.1198362335562706,0.8889089226722718,0.32973286509513855,-0.7631368041038513,-0.2493727803230286,-0.5427863001823425,0.5011201500892639,0.4,0.4804,-0.30000000000000004,0.3993010927821123,0.4804579404517654,-0.29938958441471464,0.05131417151323109,0.03778516263125642,0.0229203654188348,0.10196011320869824,0.028624565776175226,0.052499578879004416,0.006854586928239814,0.0009297502793361639,0.36768723075391563,5.131417151323108,-3.7785162631256393,2.29203654188348,-10.196011320869829,2.862456577617523,5.249957887900441,0.68545869282398
3,-0.09363226592540741,0.8708232045173645,0.3395044207572937,-0.8141980767250061,-0.23354759812355042,-0.5168337821960449,0.5058487057685852,0.4,0.4706,-0.30000000000000004,0.3993810773736062,0.4704894191140848,-0.29941361148314294,0.04405373678078583,0.03682622313625006,0.014920539776178687,0.09529957855318649,0.031388492674061075,0.05246166482146536,0.0069072882927706525,0.000859735332816981,0.40381427745978726,4.405373678078583,-3.682622313625003,1.4920539776178692,-9.529957855318647,3.138849267406106,5.246166482146537,0.6907288292770652
4,-0.06852205842733383,0.8511237502098083,0.35265323519706726,-0.865096926689148,-0.22074821591377258,-0.4902867078781128,0.5079747438430786,0.4,0.4608,-0.30000000000000004,0.39945754288136337,0.4606611122185475,-0.29931704800392256,0.03285156310055561,0.038035723083358675,0.00863045856236705,0.08599348403667317,0.028657819211927227,0.05271608210852902,0.0009231642230578263,0.0008831607839700512,0.41737225644180853,3.2851563100555614,-3.803572308335863,0.8630458562367043,-8.599348403667312,2.8657819211927236,5.271608210852903,-0.09231642230578353
5,-0.04957852885127068,0.8339969515800477,0.35442495346069336,-0.9094976782798767,-0.20215910673141482,-0.4643721282482147,0.5127559900283813,0.4,0.451,-0.30000000000000004,0.3995333795332867,0.4507999375071394,-0.29931547075465353,0.02767610366148395,0.03715820802449221,0.004053925948289128,0.08021461310212097,0.027945218084455103,0.05069194214002881,0.003516432018776605,0.0008522558000623993,0.4321838772517026,2.767610366148395,-3.7158208024492203,0.40539259482891127,-8.021461310212095,2.7945218084455115,5.069194214002882,-0.3516432018776641
6,-0.03567049652338028,0.8130879998207092,0.36128368973731995,-0.951090395450592,-0.19209039211273193,-0.4375706315040589,0.5070515871047974,0.4,0.4412,-0.30000000000000004,0.3995950755857117,0.44095561207512846,-0.29930901810083005,0.023253491779650276,0.03655252952642629,0.0005653365700988844,0.07496221768490496,0.027324828495860848,0.048450998276516444,0.005884169262159511,0.0008373441491348144,0.43682702717620714,2.3253491779650277,-3.6552529526426265,-0.05653365700988676,-7.496221768490497,2.7324828495860856,4.845099827651645,-0.5884169262159492
7,-0.02190242521464825,0.7968387603759766,0.3584788739681244,-0.9897122979164124,-0.17421388626098633,-0.4136801958084107,0.5092395544052124,0.4,0.4314,-0.30000000000000004,0.399637102266676,0.43106137042410814,-0.2993501217608482,0.02035309860711201,0.03445764391206907,0.00619998475345751,0.07053153050211924,0.029093922650726328,0.04646193826170414,0.00563466952445546,0.000817744752501386,0.4437491222861354,2.035309860711201,-3.4457643912069025,-0.6199984753457497,-7.053153050211925,2.909392265072632,4.646193826170416,-0.5634669524455481
8,-0.02190242521464825,0.7968387603759766,0.3584788739681244,-0.9897122979164124,-0.17421388626098633,-0.4136801958084107,0.5092395544052124,0.4,0.4216,-0.30000000000000004,0.39907036965092607,0.42133746311926984,-0.2986265529866764,0.030497832765817176,0.05339882100143856,0.005369632510410893,0.10645834785822439,0.0385935784779797,0.06723455298614883,0.010659643309501032,0.0016791351637287907,0.6611521685125581,3.0497832765817177,-5.339882100143851,-0.53696325104109,-10.645834785822435,3.8593578477979706,6.723455298614886,-1.0659643309501048
9,-0.012417004443705082,0.7765354514122009,0.36071833968162537,-1.0260525941848755,-0.16476556658744815,-0.38911962509155273,0.5011674165725708,0.4,0.4118,-0.30000000000000004,0.39918348963191475,0.41146664994169563,-0.29862413194926346,0.02538036983294386,0.052751631018647216,0.010427200624513022,0.10004064676262447,0.03817037243561616,0.0641136352195889,0.013211708415338863,0.001634265686967688,0.6829152665891911,2.538036983294386,-5.275163101864721,-1.0427200624512996,-10.004064676262447,3.8170372435616162,6.411363521958889,-1.3211708415338885
10,0.00859540794044733,0.7434399127960205,0.3531092405319214,-1.0961706638336182,-0.13562031090259552,-0.34644564986228943,0.4985799193382263,0.4,0.402,-0.30000000000000004,0.3997351162380325,0.401579959934602,-0.29923536060791084,0.0074758726512481055,0.034141712071163344,0.015942075305281855,0.05526787364194852,0.027795364989549848,0.042975952681911955,0.01569662758742668,0.0009117403489087272,0.48843354657140026,0.7475872651248107,-3.4141712071163335,-1.594207530528188,-5.526787364194847,2.7795364989549842,4.2975952681911975,-1.5696627587426668
11,0.012963365763425827,0.7237837910652161,0.3502911329269409,-1.1260932683944702,-0.12659519910812378,-0.32500597834587097,0.4879557192325592,0.4,0.3922,-0.30000000000000004,0.39975337692989243,0.3917622094903631,-0.299228927290537,0.005657315867151708,0.03385994898664124,0.017928300962245736,0.05216361126784674,0.02801070693321095,0.041422408495987606,0.017071422603033293,0.0009203459090559742,0.49956192162886737,0.5657315867151707,-3.3859948986641264,-1.792830096224576,-5.216361126784664,2.8010706933210945,4.142240849598762,-1.707142260303328
12,0.01607128046452999,0.7092981934547424,0.3371671736240387,-1.1514385938644411,-0.10782494395971298,-0.3034696877002716,0.48288330435752874,0.4,0.3824,-0.30000000000000004,0.3997803018461641,0.38200151541238764,-0.2992806073537027,0.006301923232796033,0.03331028395669866,0.017480191815899715,0.051763887131485165,0.026635548975934453,0.038327875716886506,0.01640860393884308,0.0008512244268759021,0.484876113023347,0.6301923232796032,-3.331028395669866,-1.7480191815899715,-5.176388713148517,2.6635548975934453,3.832787571688649,-1.6408603938843092
13,0.018620681017637256,0.6899238228797913,0.3323628306388855,-1.178256869316101,-0.09858449548482896,-0.2835835814476013,0.4708842933177948,0.4,0.3726,-0.30000000000000004,0.3997774391751863,0.37208447481623214,-0.29934787713187977,0.005685919925638761,0.03011276636412663,0.023309041270663466,0.048611155495851044,0.03052356490781713,0.03631557435169369,0.01366281404121028,0.0008605601495340373,0.5045721550175699,0.5685919925638762,-3.011276636412661,-2.3309041270663493,-4.861115549585111,3.052356490781713,3.6315574351693702,-1.3662814041210265
14,0.018620681017637256,0.6899238228797913,0.3323628306388855,-1.178256869316101,-0.09858449548482896,-0.2835835814476013,0.4708842933177948,0.4,0.3628,-0.30000000000000004,0.3994638480874082,0.36207953240370383,-0.29872852451053766,0.008825911402935326,0.04532955026925156,0.03407514930827954,0.07352298237997101,0.04320929393843324,0.051663076028982596,0.019007606431752422,0.0015566574289137178,0.7739106145874075,0.8825911402935326,-4.5329550269251575,-3.407514930827955,-7.352298237997096,4.320929393843324,5.166307602898259,-1.9007606431752408
15,0.02430660091340542,0.6598110795021057,0.31968697905540466,-1.203202486038208,-0.08118939399719238,-0.2651418149471283,0.466474711894989,0.4,0.353,-0.30000000000000004,0.3995511582386077,0.35239048624536384,-0.29879856618488965,0.0021159534130618454,0.03298429978079276,0.0315844127590178,0.06845081965872946,0.038272974649397475,0.04930715487681575,0.026721484176129795,0.001420003223922792,0.7764276479974797,0.21159534130618468,-3.298429978079278,-3.1584412759017777,-6.845081965872943,3.8272974649397473,4.930715487681575,-2.6721484176129797
16,0.02430660091340542,0.6598110795021057,0.30905377864837646,-1.2268680334091187,-0.06806092709302902,-0.24726800620555878,0.45722147822380066,0.4,0.3432,-0.30000000000000004,0.3995388403681956,0.34245165414537854,-0.2986957291144837,0.002967672703975119,0.045326099459925384,0.03769928095150776,0.06485841107086476,0.04239612593678393,0.047663802451502535,0.023565511131932615,0.0015728357406101464,0.8116267394731835,0.2967672703975117,-4.532609945992537,-3.769928095150775,-6.485841107086472,4.239612593678393,4.766380245150253,-2.3565511131932637
17,0.02642255462706089,0.6268267631530762,0.28810256719589233,-1.2716532945632937,-0.042916420847177505,-0.21583466231822968,0.4397532343864441,0.4,0.33340000000000003,-0.30000000000000004,0.3998060232095753,0.33278718871470886,-0.2992421685434111,0.002563922903837161,0.030166054412615773,0.02917035091966458,0.03572089825265712,0.03095341220872073,0.03277317718348499,0.02231307265242688,0.0009937168526292447,0.6049562667916462,-0.2563922903837162,-3.0166054412615777,-2.9170350919664605,-3.572089825265722,3.095341220872073,3.2773177183485,-2.2313072652426857
18,0.02642255462706089,0.6268267631530762,0.28810256719589233,-1.2716532945632937,-0.042916420847177505,-0.21583466231822968,0.4397532343864441,0.4,0.3236,-0.30000000000000004,0.3995740363145119,0.3227640929129633,-0.29858146147010756,0.003007283286316713,0.045403324104458354,0.04243209193157263,0.05495730749777894,0.04311869878523689,0.04566634284811247,0.030508611547341524,0.001700716696073255,0.8882064327814874,-0.30072832863167126,-4.5403324104458385,-4.243209193157264,-5.4957307497778825,4.311869878523689,4.566634284811247,-3.050861154734151
19,0.023858631029725078,0.5966607332229614,0.2713544964790344,-1.2917264699935913,-0.02566480077803135,-0.19960419833660126,0.4336559772491455,0.4,0.31379999999999997,-0.30000000000000004,0.39964438315505746,0.3130785674383545,-0.29872385196860607,0.004016967504414222,0.033007350360578225,0.038150824173022846,0.04916980569804785,0.038596581024594914,0.04233130742281227,0.03812457834409677,0.0015084701122130238,0.9206381323065784,-0.40169675044142217,-3.300735036057825,-3.8150824173022833,-4.916980569804789,3.859658102459491,4.233130742281226,-3.8124578344096762
20,0.02341527119278908,0.5814234614372253,0.24567048251628876,-1.3266105651855469,0.00020227793720550835,-0.17016832530498505,0.40924462676048284,0.4,0.304,-0.30000000000000004,0.39982170247472065,0.30329906445712246,-0.2992265468042526,0.006922800632946011,0.030950439353805592,0.03148286572537212,0.02678607480471773,0.03159861605299936,0.027911769225341526,0.02668252568157453,0.0010589289347268398,0.6872953182360106,-0.6922800632946012,-3.0950439353805566,-3.1482865725372116,-2.6786074804717805,3.1598616052999358,2.7911769225341536,-2.668252568157456
21,0.019841663539409637,0.5636534094810486,0.2332036793231964,-1.3408962488174438,0.012931779958307743,-0.15727289021015167,0.39553138613700867,0.4,0.2942,-0.30000000000000004,0.3998282083183909,0.2934861696296081,-0.2992043987535196,0.007512450722215316,0.030833101256415363,0.032269965639752735,0.02519392674335963,0.031151497470775114,0.02678459939934877,0.028228573741312213,0.0010826114367422663,0.7230838303697169,-0.7512450722215315,-3.0833101256415363,-3.226996563975273,-2.519392674335956,3.1151497470775116,2.6784599399348763,-2.822857374131219
22,0.01649247109889984,0.5504730343818665,0.2141876220703125,-1.3533966541290283,0.03180089220404625,-0.14225655794143677,0.3825621008872986,0.4,0.2844,-0.30000000000000004,0.3998543080021861,0.28370854398987977,-0.29926954246666604,0.00798588748249759,0.03126157369196947,0.031579683932679736,0.0238931803152187,0.02971031765386334,0.023465306515936354,0.026549228122277058,0.0010163197233955409,0.7074964257188299,-0.7985887482497589,-3.126157369196952,-3.157968393267975,-2.389318031521875,2.9710317653863343,2.3465306515936355,-2.6549228122277055
23,0.01232921238988638,0.5328202843666077,0.20093370974063873,-1.3660901784896853,0.04408327862620354,-0.1304882913827896,0.367302805185318,0.4,0.27459999999999996,-0.30000000000000004,0.39985653691439343,0.27387572720846864,-0.29926476747349473,0.008918285871294127,0.03151035987948947,0.03212553821840039,0.021373447898952014,0.029694986164653492,0.021959162707471586,0.027529955753341273,0.0010419786953271683,0.744487259598202,-0.8918285871294127,-3.151035987948949,-3.21255382184004,-2.137344789895199,2.9694986164653483,2.1959162707471593,-2.7529955753341295
24,0.008506583981215954,0.51921147108078,0.18260793387889862,-1.377289891242981,0.04408327862620354,-0.1304882913827896,0.367302805185318,0.4,0.26480000000000004,-0.30000000000000004,0.39971783231787267,0.26367490086706025,-0.2990987745344641,0.009419258525235322,0.03278816180324107,0.030956705634307663,0.019886506501814116,0.041794293339219524,0.029894195294898035,0.03748694747098308,0.0014689023110845305,1.0826856108789116,-0.9419258525235322,-3.2788161803241045,-3.095670563430767,-1.9886506501814178,4.179429333921952,2.989419529489804,-3.7486947470983076
25,0.003410926554352045,0.5013099312782288,0.16880817711353302,-1.3874635696411133,0.07377826422452927,-0.10852912813425064,0.33977285027503973,0.4,0.255,-0.30000000000000004,0.39986042029001506,0.2542098690528934,-0.29927903426252045,0.010687012027660321,0.0321247106246495,0.03278006019070251,0.01654730677000882,0.029352444036978634,0.018539728133328798,0.028635130033884848,0.0010786941195883935,0.8172897692749643,-1.068701202766032,-3.21247106246495,-3.2780060190702507,-1.654730677000888,2.935244403697863,1.8539728133328803,-2.8635130033884866
26,-0.00091267452808097,0.4864233136177063,0.15165123343467712,-1.3971763849258423,0.08587757498025894,-0.10059409588575363,0.32981586456298834,0.4,0.24519999999999997,-0.30000000000000004,0.3998255847617425,0.24427400606049446,-0.29924612091841174,0.012056510187561594,0.03263894515487287,0.03312332071850213,0.01348792023246248,0.031939233249715315,0.01848325157981645,0.03157470409328228,0.001206739044281651,0.9366764743665499,-1.2056510187561593,-3.263894515487287,-3.312332071850214,-1.3487920232462483,3.193923324971532,1.848325157981645,-3.1574704093282278
27,-0.0072760856710374355,0.4691852331161499,0.15165123343467712,-1.3971763849258423,0.08587757498025894,-0.10059409588575363,0.32981586456298834,0.4,0.2354,-0.30000000000000004,0.3997425517173159,0.23429387262729764,-0.29877993181932316,0.012105598196890666,0.03650968512702807,0.043748493162163254,0.020058640653557003,0.03889772105958278,0.023576492979973357,0.04664808070768994,0.0016668424485831352,1.3349328227855608,-1.2105598196890666,-3.6509685127028053,-4.3748493162163244,-2.0058640653557056,3.889772105958277,2.357649297997335,-4.664808070768996
28,-0.012969184666872025,0.45378437638282776,0.11852791160345078,-1.4106643199920654,0.10313070565462112,-0.08998940140008926,0.31113770604133606,0.4,0.22559999999999997,-0.30000000000000004,0.3997283507021784,0.22426134873846035,-0.29915604309503585,0.012692017090540353,0.03328240299199914,0.03280031239894031,0.009656137591802283,0.04007248104086569,0.020206826526062233,0.040057855456681946,0.001605628786010436,1.3275582669278378,-1.2692017090540353,-3.328240299199911,-3.280031239894031,-0.965613759180238,4.0072481040865675,2.0206826526062227,-4.0057855456681954
29,-0.012969184666872025,0.45378437638282776,0.11852791160345078,-1.4106643199920654,0.11781680583953857,-0.08211084455251694,0.2982411682605744,0.4,0.21580000000000005,-0.30000000000000004,0.39972792920060485,0.2144475617146831,-0.2986413259892733,0.01950918822480665,0.04949102747996531,0.04959622284986412,0.014073608240743551,0.04026971821388323,0.01878609800847998,0.04151332819360837,0.0019362610626924531,1.4098162578520146,-1.9509188224806648,-4.949102747996533,-4.959622284986411,-1.4073608240743585,4.026971821388322,1.878609800847998,-4.151332819360834
30,-0.019381683319807056,0.4326755404472351,0.10790274292230606,-1.417235016822815,0.12477529793977739,-0.07701760530471802,0.2831677794456482,0.4,0.20600000000000002,-0.30000000000000004,0.3996755468303067,0.2044897957953654,-0.2985809059823703,0.02050576254062605,0.04952961297781211,0.050797845941179504,0.009435154751360475,0.04231555044561501,0.017628001311173383,0.04515871853930292,0.002097573462335151,1.5723293123344888,-2.0505762540626056,-4.952961297781209,-5.0797845941179505,-0.9435154751360401,4.231555044561501,1.7628001311173387,-4.515871853930293
31,-0.025661202147603035,0.4205019772052765,0.08572760224342346,-1.4203205108642578,0.14320318400859833,-0.06978257745504379,0.2710798382759094,0.4,0.19619999999999999,-0.30000000000000004,0.3996598141031055,0.1946125628470645,-0.2986527453363073,0.021606646492360507,0.05040138953675416,0.049861283469769035,0.006579175721738606,0.04243682596619741,0.015408372869195316,0.04418646320853037,0.0021096867748098716,1.623842797802297,-2.160664649236051,-5.040138953675415,-4.986128346976903,-0.6579175721738537,4.243682596619743,1.5408372869195317,-4.418646320853037
32,-0.0398874469101429,0.3831459283828736,0.05710489675402641,-1.4266701936721802,0.16709084808826447,-0.05938960239291191,0.2380090653896332,0.4,0.1864,-0.30000000000000004,0.3997320067850574,0.1850188259813353,-0.29936633404951946,0.01588828490577887,0.03426214270572153,0.033848178781978176,0.003046653234432428,0.032154402277233624,0.007724096796467433,0.03368589101305536,0.0015430471703380348,1.4175791163518738,-1.588828490577887,-3.426214270572154,-3.3848178781978175,0.30466532344323566,3.2154402277233625,0.7724096796467433,-3.3685891013055356
33,-0.04726785048842431,0.37010058760643005,0.03586632013320923,-1.4268996715545654,0.18564000725746158,-0.05437420308589935,0.22689338028430941,0.4,0.17659999999999998,-0.30000000000000004,0.39970618511033246,0.17512871363778218,-0.2994136354261549,0.016526953012512148,0.03465637331949917,0.03348569108514933,0.00540387152009858,0.031693950482119454,0.0060600977648388316,0.032984164132773136,0.0016108488949926516,1.515967121581517,-1.6526953012512147,-3.4656373319499174,-3.348569108514933,0.5403871520098548,3.169395048211946,0.6060097764838831,-3.2984164132773137
34,-0.055775731801986694,0.3488837778568268,0.02325671724975109,-1.4236235618591309,0.19924524426460266,-0.05166550725698471,0.2043231725692749,0.4,0.1668,-0.30000000000000004,0.39971599962326276,0.16536336279595082,-0.29949390806386644,0.016469785533720083,0.034579777573262194,0.032842991059562926,0.005767440239444532,0.02931937072499849,0.003949851223802939,0.030292436461462624,0.0015494230274087904,1.5238509238263247,-1.6469785533720085,-3.4579777573262214,-3.2842991059562925,0.5767440239444588,2.9319370724998497,0.3949851223802936,-3.029243646146263
35,-0.063794806599617,0.33544421195983887,0.0023806290701031685,-1.421495795249939,0.21733395755290985,-0.048314105719327934,0.1939092129468918,0.4,0.15700000000000003,-0.30000000000000004,0.3996774735218761,0.15545755505610126,-0.2995469339200864,0.01706162216104548,0.03488494294791866,0.03250916084912755,0.008139324588620322,0.028898583225103053,0.0025409059139841067,0.02969270811924485,0.0016396428290387517,1.64989231702761,-1.706162216104548,-3.4884942947918685,-3.2509160849127547,0.8139324588620339,2.8898583225103063,0.2540905913984104,-2.969270811924485
36,-0.07224551588296892,0.314303994178772,-0.009586273692548275,-1.4178560972213745,0.22856462001800537,-0.04771565645933152,0.17403073608875275,0.4,0.1472,-0.30000000000000004,0.39964267338322534,0.14558936854558538,-0.29960590329439396,0.017268488625749492,0.03503809306150302,0.03211929680634993,0.010265812536039753,0.027807575680430463,0.0009826926287806667,0.028245183735334217,0.0016962099535066273,1.7462462713139242,-1.7268488625749485,-3.5038093061503,-3.211929680634993,1.0265812536039765,2.7807575680430485,0.09826926287806687,-2.8245183735334227
37,-0.07224551588296892,0.314303994178772,-0.009586273692548275,-1.4178560972213745,0.22856462001800537,-0.04771565645933152,0.17403073608875275,0.4,0.13740000000000002,-0.30000000000000004,0.39945547446470303,0.13528449092762496,-0.2990380513491247,0.025551614871506104,0.052370156219951836,0.0477194984134778,0.014445195946787726,0.036661627294713894,0.0012530011785712933,0.03729443690983819,0.0023868874922820683,2.268226862748819,-2.5551614871506096,-5.237015621995183,-4.77194984134778,1.4445195946787799,3.6661627294713894,0.12530011785712938,-3.729443690983819
38,-0.08085642755031586,0.30055928230285645,-0.03012853115797043,-1.4133564233779907,0.22856462001800537,-0.04771565645933152,0.17403073608875275,0.4,0.1276,-0.30000000000000004,0.3992477719563734,0.12463392410347154,-0.29910889834637844,0.025779939922727285,0.05371731403358321,0.04561011540838383,0.017168866683179074,0.04438169535300718,0.001245341445073149,0.041927074585495466,0.003187085723772194,2.9867993969740803,-2.577993992272729,-5.371731403358322,-4.561011540838384,1.7168866683179163,4.43816953530072,0.12453414450731509,-4.192707458549547
39,-0.09779713302850723,0.261933833360672,-0.057305771857500076,-1.4034109115600586,0.26522624492645264,-0.04646265506744385,0.13673630356788635,0.4,0.11780000000000002,-0.30000000000000004,0.39937167947457497,0.115581507394522,-0.2998224212072711,0.018853807932528374,0.035728182223801114,0.030870035740246465,0.019297290497264363,0.027847667962774048,0.0028054054580609333,0.027003330437331996,0.0023125808852574492,2.4504703577542437,-1.8853807932528375,-3.5728182223801106,-3.0870035740246466,1.9297290497264352,2.784766796277403,-0.2805405458060936,-2.7003330437332
40,-0.10663636773824692,0.2468419671058655,-0.07573864609003067,-1.3961875438690188,0.2729463279247284,-0.046470314264297485,0.13210366666316986,0.4,0.10799999999999998,-0.30000000000000004,0.39920998521704154,0.10522128124885673,-0.2999367510120169,0.019526842102945446,0.03623378500925664,0.029980026655880426,0.02191308179609419,0.030101552679712817,0.0035768050171691226,0.028054912487786715,0.002889533126601766,2.9978780646973497,-1.9526842102945445,-3.6233785009256656,-2.998002665588042,2.19130817960941,3.010155267971281,-0.357680501716912,-2.805491248778672
41,-0.11665093898773193,0.22620564699172974,-0.08817581087350845,-1.3841136693954468,0.2930739223957062,-0.04926805943250656,0.1097329705953598,0.4,0.09820000000000001,-0.30000000000000004,0.39926819290034793,0.09834590252684904,-0.30014718517276295,0.017058402265746037,0.031387293149022055,0.025825792648795726,0.019525819810938705,0.023144198396872595,0.004335471713353203,0.02153531871587626,0.0007605870453297155,2.6904116780812535,-1.7058402265746027,-3.1387293149022053,-2.582579264879573,1.95258198109386,2.314419839687259,-0.43354717133532034,-2.1535318715876257
42,-0.12616321444511414,0.21060818433761597,-0.10571867227554323,-1.374274492263794,0.3030478954315186,-0.050047118216753006,0.10404875129461288,0.4,0.08840000000000003,-0.30000000000000004,0.3994502287175123,0.09724073654410643,-0.3005049383013236,0.009797056188489639,0.015974528096410145,0.012797827267615969,0.013173372680157502,0.018327484833513152,0.0039510796652263355,0.016335766451603728,0.008872194418152145,2.579220468286576,-0.9797056188489639,-1.5974528096410139,-1.2797827267615973,1.3173372680157525,1.832748483351316,-0.3951079665226337,-1.6335766451603728
43,-0.13370934128761292,0.19481834769248962,-0.11400160193443298,-1.3645879030227661,0.3162181079387665,-0.053603529930114746,0.08819764852523804,0.4,0.0786,-0.30000000000000004,0.39970821066748186,0.09763121922610593,-0.300573099576856,0.0033188796624590844,0.002873462808827637,0.0026465644019688234,0.005764077612327778,0.011447004695721075,0.0032439808784382324,0.010060178773178538,0.01904208206503868,1.9533881021460282,-0.3318879662459075,-0.2873462808827645,-0.26465644019688284,0.5764077612327749,1.1447004695721101,-0.3243980878438232,-1.0060178773178532
44,-0.13596026599407196,0.1946336627006531,-0.11851649731397629,-1.3611011505126953,0.32137537002563477,-0.053998198360204704,0.08771298825740814,0.4,0.06880000000000003,-0.30000000000000004,0.399755265682551,0.09781194858505082,-0.3005100551739314,0.0014736071199125678,0.0005247783238897241,0.0008477281757650196,0.0025173852588309398,0.01032278347845833,0.002819016827501755,0.009048586341115328,0.029017463911724304,1.7893580272995897,-0.14736071199125816,-0.052477832388971725,-0.08477281757650197,0.25173852588308343,1.0322783478458357,-0.2819016827501757,-0.9048586341115331
45,-0.13702821731567383,0.19194488227367404,-0.11664816737174988,-1.3588237762451172,0.32766512036323553,-0.05684750899672509,0.07813747227191925,0.4,0.059,-0.30000000000000004,0.39985107147621246,0.09836524465904642,-0.30042886966569826,0.0005068792920132348,0.00017059568302632555,0.0002694471933658432,0.0008946906675724176,0.007733117551160684,0.002325768131283344,0.006748815121625687,0.039367862476415154,1.3295996601802695,-0.050687929201324367,0.017059568302631636,-0.026944719336584808,0.08946906675723593,0.7733117551160711,-0.23257681312833406,-0.6748815121625693
46,-0.13743387162685394,0.19410888850688934,-0.11936422437429428,-1.3585838079452515,0.33169814944267273,-0.056817214936018,0.07866439968347551,0.4,0.049199999999999966,-0.30000000000000004,0.39981276446931535,0.09850562125586243,-0.30033363459160956,0.0001901111271959688,7.195446010740958e-05,0.00014545210733286906,0.0003854104801210845,0.007286466088008259,0.0020255416050491415,0.006211453653630947,0.0493071055387682,1.212930769463842,-0.019011112719596525,0.007195446010740736,-0.014545210733287193,0.038541048012109926,0.7286466088008264,-0.20255416050491398,-0.6211453653630948
47,-0.13753509521484375,0.1921154707670212,-0.11691761761903763,-1.3579291105270386,0.33539822697639465,-0.059173278510570526,0.07138865441083908,0.4,0.039400000000000046,-0.30000000000000004,0.39986711689535986,0.09889528884724379,-0.30026847168650933,4.084065573614626e-05,5.457157352933839e-05,7.08836149346248e-05,0.00013418229204975596,0.005453874404531767,0.0016424925990519978,0.0046078466842972565,0.05949604297752012,0.897777562074542,-0.004084065573614503,0.00545715735293495,-0.007088361493463151,0.01341822920496828,0.5453874404531792,-0.16424925990519987,-0.4607846684297257
48,-0.13753509521484375,0.1921154707670212,-0.11691761761903763,-1.3579291105270386,0.33539822697639465,-0.059173278510570526,0.07138865441083908,0.4,0.029600000000000015,-0.30000000000000004,0.39983140917917603,0.09890653464890885,-0.30022871032519743,9.710718077499125e-05,3.9268397682451495e-05,4.584403141535964e-05,0.00013192572665587932,0.005569222196801893,0.0015986045619867384,0.004720781891668857,0.06930711706829334,0.8904679423756685,0.00971071807749952,0.003926839768244801,-0.004584403141536072,-0.013192572665597695,0.5569222196801878,-0.15986045619867367,-0.47207818916688615
49,-0.13762398064136505,0.19418084621429443,-0.11950967460870743,-1.3581984043121338,0.3389846086502075,-0.05884275585412979,0.07245294749736786,0.4,0.01980000000000004,-0.30000000000000004,0.39983306787429856,0.09898925833845118,-0.3001333333041489,4.727458852213373e-05,5.262971312677833e-05,6.3096899456494e-05,3.7985277545393714e-05,0.00499040144008267,0.001386496331114366,0.00434908602418313,0.07918954653423986,0.8140428460604696,-0.004727458852213455,0.00526297131267807,-0.006309689945649913,-0.003798527754528406,0.4990401440082667,-0.13864963311143683,-0.43490860241831314
50,-0.13767126202583313,0.1942334771156311,-0.11957277357578279,-1.3582364320755005,0.34397500753402716,-0.06022925302386284,0.0681038647890091,0.4,0.01,-0.30000000000000004,0.39984969418949323,0.0993182638902355,-0.3000808652127765,5.635880655607828e-05,8.754407503641648e-05,8.671714752761517e-05,0.000253390230393169,0.0033081651043869176,0.001037610475825998,0.0026703154418358382,0.08931842696434514,0.5566952105040621,-0.005635880655609215,-0.008754407503642472,0.008671714752761916,0.02533902303932379,0.33081651043869,-0.10376104758259964,-0.2670315441835832
51,-0.13767126202583313,0.1942334771156311,-0.11957277357578279,-1.3582364320755005,0.34397500753402716,-0.06022925302386284,0.0681038647890091,0.4,0.01,-0.29600000000000004,0.4004428031893634,0.09880989419653514,-0.2949279146260561,0.001779447980090637,0.005629229626396698,0.006210364162590451,0.013222641602456786,0.003706741787045942,0.003947191867992285,0.0168423705959099,0.08881746871484968,0.9720141086887111,-0.17794479800906263,0.5629229626396702,-0.6210364162590455,-1.3222641602456844,0.3706741787045957,0.3947191867992286,-1.68423705959099
52,-0.13772761821746826,0.19414593279361725,-0.11948605626821518,-1.3579829931259155,0.34728318452835083,-0.061266861855983734,0.0654335469007492,0.4,0.01,-0.29200000000000004,0.40101242373313,0.09848625665169833,-0.2897263776847336,0.0036966658620034287,0.011404620657634423,0.012567450330949637,0.02654698620329632,0.002959142753188926,0.00897979413364109,0.03017769947609568,0.08852125155282267,2.0730412137411918,-0.3696665862003433,1.1404620657634423,-1.2567450330949625,-2.6546986203296252,0.29591427531889114,0.8979794133641092,-3.017769947609568
53,-0.13945071399211884,0.19986270368099215,-0.12578313052654266,-1.3714591264724731,0.34768176078796387,-0.05628206208348274,0.05126149579882622,0.4,0.01,-0.28800000000000003,0.4008333464843751,0.09860968849013917,-0.28562700324713125,0.0010258310214376065,0.0077230251775974035,0.007862995383027871,0.027156832755082183,0.0051946201527030555,0.011583314628742895,0.024699698136495835,0.0886453748047333,2.4939695783615434,-0.10258310214375946,0.7723025177597403,-0.7862995383027881,-2.7156832755082108,0.5194620152703069,1.1583314628742896,-2.4699698136495836
54,-0.1414242833852768,0.20555055141448975,-0.13205350935459137,-1.3845299482345583,0.3502423167228699,-0.05228706821799278,0.035255845636129386,0.4,0.01,-0.28400000000000003,0.4006787787697511,0.09886476456788086,-0.28147681536134267,0.0016082092324660457,0.004158782987147336,0.0032925755815890467,0.02775743664887531,0.006678219877588654,0.014336956575731453,0.01877926364584527,0.08890316970189487,3.0097902982914775,0.16082092324660408,0.4158782987147341,-0.32925755815890534,-2.7757436648875333,0.6678219877588655,1.4336956575731454,-1.877926364584527
55,-0.1404765397310257,0.20758572220802307,-0.1336461305618286,-1.3986159563064575,0.3528763949871063,-0.044698748737573624,0.0265617985278368,0.4,0.01,-0.28,0.40068019649722464,0.09886220453126411,-0.2771260794905517,0.000621126603219363,0.004047739125474431,0.003162146288291978,0.027832424220816776,0.00528797976744988,0.016032334855197842,0.018100003166049792,0.08891126745540005,3.391229003790727,0.062112660321937595,0.40477391254744405,-0.3162146288291981,-2.783242422081667,0.5287979767449877,1.603233485519784,-1.8100003166049792
56,-0.1404765397310257,0.20758572220802307,-0.1336461305618286,-1.3986159563064575,0.3528763949871063,-0.044698748737573624,0.0265617985278368,0.4,0.01,-0.276,0.40102990590360466,0.098546153004981,-0.2739970002817107,0.0011088382791175078,0.007599348094758873,0.006806743215796662,0.03524278378004553,0.005078898078150262,0.01869773326555388,0.026309035910368206,0.08857479283646817,4.060257671834961,-0.11088382791174967,0.7599348094758859,-0.6806743215796663,-3.5242783780045457,0.5078898078150271,1.8697733265553877,-2.6309035910368204
57,-0.13985541462898254,0.21163345873355865,-0.13680827617645264,-1.4264483451843262,0.35816437005996704,-0.028666414320468903,0.00846179574728012,0.4,0.01,-0.272,0.4006458639321449,0.09900567278635562,-0.26854955142605963,0.0004540683132152057,0.003121475167913862,0.0021198661595842327,0.02765197820924281,0.0032219139276112307,0.01897096010519699,0.015607181288073235,0.08907487032677656,4.064311944616463,-0.045406831321519965,0.31214751679138486,-0.21198661595842228,-2.765197820924289,0.3221913927611218,1.8970960105196988,-1.5607181288073235
58,-0.14158537983894348,0.21518507599830627,-0.14045287668704987,-1.4338587522506716,0.35795530676841736,-0.026001015678048137,0.0002527626056689769,0.4,0.01,-0.268,0.4006655780198818,0.09900930020270562,-0.26574264036790657,0.0007546764661933991,0.001297380220515093,4.870793580902255e-05,0.028431612222627134,0.004563629129201829,0.02063833609716544,0.013285688014845008,0.08904040762027388,4.42382542614223,0.07546764661934002,0.12973802205150975,0.004870793580902487,-2.84316122226271,0.4563629129201817,2.0638336097165437,-1.3285688014845007
59,-0.14030948281288147,0.2147549390792847,-0.1389281451702118,-1.4541003704071047,0.3613862693309784,-0.009695454500615597,-0.0071453857235610485,0.4,0.01,-0.264,0.4005901204633524,0.09914937842250632,-0.2601432744860695,0.001019901628616121,0.0020627983955739393,0.0010197431878410657,0.027074770156871653,0.002187384152708527,0.020886613155206058,0.013343880003201046,0.08923471436033348,4.511945859256855,-0.10199016286161104,0.20627983955739418,-0.1019743187841071,-2.7074770156871706,0.218738415270851,2.0886613155206057,-1.3343880003201047
60,-0.14083071053028107,0.21648246049880981,-0.14040416479110718,-1.462290406227112,0.3625189363956452,-0.0053626797161996365,-0.013032925315201283,0.4,0.01,-0.26,0.40069232427669255,0.09911777090633768,-0.2570624375731776,0.0016055044921789163,0.0018518182100869807,0.0008231750355567613,0.02751661517549442,0.001744901267153598,0.022151133164045295,0.013107156260733846,0.0891688604683836,4.825760410527437,-0.16055044921789172,0.1851818210086982,-0.08231750355567688,-2.7516615175494485,0.17449012671535952,2.2151133164045294,-1.3107156260733843
61,-0.1413293778896332,0.21681773662567141,-0.1399478912353516,-1.481175184249878,0.3625189363956452,-0.0053626797161996365,-0.013032925315201283,0.4,0.01,-0.256,0.40045152139365897,0.09914557600746247,-0.25069465615196895,0.0016747082010861447,0.001441395107031923,0.0004771875353549171,0.02637004175551083,0.001572716579691602,0.026948214745315547,0.014024701857683362,0.08930444707077606,5.0781620858736005,-0.16747082010861317,0.1441395107031935,-0.047718753535491404,-2.6370041755510796,0.15727165796915796,2.6948214745315546,-1.4024701857683362
62,-0.14243622124195102,0.21833427250385284,-0.1412273347377777,-1.4898070096969607,0.3642638325691223,0.016788452863693237,-0.026140080764889717,0.4,0.01,-0.252,0.4006389417553199,0.09925726408632479,-0.24866973908897705,0.0019913962685017272,0.0009697135415398239,3.365460811391441e-05,0.02657627117743444,0.001298493277735402,0.023098635550641317,0.011422699532730243,0.08932165513736355,5.061932392177198,-0.19913962685017228,0.09697135415398209,-0.003365460811390489,-2.65762711774344,0.1298493277735404,2.309863555064132,-1.1422699532730247
63,-0.14243622124195102,0.21833427250385284,-0.1412273347377777,-1.4898070096969607,0.3642638325691223,0.016788452863693237,-0.026140080764889717,0.4,0.01,-0.24800000000000003,0.4008630854403121,0.09888971550508938,-0.24511141074291481,0.004382140869565121,0.00468174265502333,0.003823945215113589,0.03453459661352776,0.001036148504935941,0.025935471270403666,0.02044911545466857,0.08894082519826964,5.78316080534006,-0.4382140869565132,0.4681742655023329,-0.3823945215113576,-3.4534596613527855,0.1036148504935936,2.5935471270403667,-2.0449115454668565
64,-0.1444276124238968,0.21930398046970367,-0.1412609964609146,-1.5163832902908325,0.3655623197555542,0.039887089282274246,-0.0375627800822258,0.4,0.01,-0.24400000000000002,0.40060720815186474,0.09934370781735355,-0.24030060519929797,0.0028648958253260637,0.0006568333247164437,6.677550726086334e-05,0.02577492463312514,0.0006952197989242848,0.02372958041819964,0.01081466741557028,0.08942232579274481,5.242894303164007,-0.2864895825326071,0.06568333247164501,0.006677550726087081,-2.5774924633125136,0.06952197989242857,2.372958041819965,-1.081466741557028
65,-0.1468183547258377,0.22301600873470306,-0.1450512856245041,-1.5243415832519531,0.3652999699115753,0.04272392392158508,-0.046589195728302,0.4,0.01,-0.24000000000000002,0.40047907951797374,0.09932042578314335,-0.23721521200982415,0.001481171121379854,0.0014405940106518578,0.0022961834182604612,0.02634253540957321,0.0023117187303172693,0.025416149388029385,0.008240980227851677,0.08936511077269915,5.627848474552195,-0.14811711213798415,-0.14405940106518442,0.22961834182604565,-2.6342535409573262,0.23117187303172884,2.5416149388029385,-0.8240980227851673
66,-0.14729250967502594,0.21996080875396729,-0.14119422435760498,-1.5421582460403442,0.3662575483322144,0.06361667066812515,-0.048377446830272675,0.4,0.01,-0.23600000000000002,0.4005699825505569,0.09940642260721538,-0.23199010344537344,0.0036236379397642515,0.00030805080330667534,0.00018664367463588905,0.02494831054365143,0.0003913818454936435,0.024134756547735087,0.010306644773116796,0.08949811480644014,5.375137332526947,-0.3623637939764257,0.030805080330668047,0.018664367463589827,-2.4948310543651435,0.039138184549363075,2.413475654773509,-1.03066447731168
67,-0.14829953014850616,0.22157540917396545,-0.14275510609149933,-1.5506840944290161,0.36761167645454407,0.06814007461071014,-0.05483017489314079,0.4,0.01,-0.232,0.4005244634539975,0.09937195514960445,-0.22869333323486535,0.004274445384329584,1.1668847881063371e-05,0.0004639628386752248,0.025163094256864582,5.534879273627613e-06,0.025422186840255795,0.00993032038981878,0.08943464359113383,5.700317776564475,-0.4274445384329575,-0.0011668847881056285,0.04639628386752311,-2.5163094256864658,0.0005534879273636104,2.542218684025579,-0.9930320389818784
68,-0.15091614425182343,0.22026886045932773,-0.14100758731365204,-1.5671066045761108,0.36664894223213196,0.08775142580270767,-0.05868409201502801,0.4,0.01,-0.228,0.40053344362913235,0.0994455601489869,-0.2237098767705216,0.004419469286627287,3.138271222238864e-05,0.00021260603449307913,0.024131708275102026,0.000188674763376806,0.02439805133454709,0.01000632403288499,0.08954997459405338,5.478655493942938,-0.44194692866272917,0.0031382712222380775,0.021260603449307042,-2.4131708275102057,0.01886747633768267,2.4398051334547093,-1.0006324032884986
69,-0.15257397294044495,0.22156374156475067,-0.14229114353656772,-1.5758471488952637,0.3676172196865082,0.09356226027011871,-0.06476049870252609,0.4,0.01,-0.224,0.4004937768522329,0.0994444798702959,-0.2204017240283722,0.004708190344154456,0.0004623550917585151,0.0006527029174697441,0.02410579132282531,0.00011518197094673166,0.02535093596284098,0.00936523311885587,0.08951819024542199,5.720023085541413,-0.4708190344154462,-0.04623550917585237,0.06527029174697413,-2.41057913228253,0.011518197094671105,2.535093596284098,-0.936523311885587
70,-0.15533562004566193,0.22030024230480194,-0.14079497754573825,-1.591238260269165,0.3676172196865082,0.09356226027011871,-0.06476049870252609,0.4,0.01,-0.22,0.4003836072568802,0.09952737155701075,-0.21424654071049826,0.005047575885041927,0.0005148408560933793,0.000473488662449395,0.02303730162932971,0.00038221816590344737,0.02940330907774652,0.010605736947596173,0.08971287369285716,5.99172843783191,-0.5047575885041929,-0.05148408560933818,0.047348866244939336,-2.3037301629329603,-0.03822181659034515,2.9403309077746527,-1.0605736947596167
71,-0.15728215873241425,0.22110138833522797,-0.14163844287395477,-1.5999529361724854,0.3677324056625366,0.1189131960272789,-0.0741257295012474,0.4,0.01,-0.216,0.4004741430032404,0.09947286330605666,-0.21209244051182077,0.005602267956741458,0.0005270823821491022,0.00042726153091185437,0.02325323060955964,5.435009106219413e-05,0.02530775327772372,0.009470973647931813,0.0895594054297229,5.7554427272172575,-0.5602267956741468,-0.05270823821491051,0.04272615309118412,-2.325323060955958,-0.0054350091062184405,2.5307753277723712,-0.9470973647931811
72,-0.1603831946849823,0.2197854071855545,-0.14032149314880374,-1.614275574684143,0.367235004901886,0.12296556681394578,-0.07536623626947403,0.4,0.01,-0.212,0.4003793940353864,0.0995087953651699,-0.20637106030029634,0.006003309608184931,0.0005039617704005739,0.00021783628634239327,0.02246381375994555,0.00034322089254074095,0.028147439054879528,0.010558886978409135,0.08968641675137239,5.9496454339791285,-0.6003309608184919,-0.05039617704005876,0.021783628634238526,-2.2463813759945555,-0.03432208925407514,2.814743905487954,-1.0558886978409132
73,-0.1628844290971756,0.2205743044614792,-0.14121118187904358,-1.62320613861084,0.36767804622650146,0.14422094821929932,-0.08359670639038086,0.4,0.01,-0.208,0.40044544483491573,0.09948323839678912,-0.20381027096224852,0.0063814959589089115,0.0007086105009448118,0.0003213117906404883,0.022402368131983375,5.431983180170796e-05,0.02526017337974129,0.00945636267750069,0.08958237664009214,5.790813328145418,-0.6381495958908906,-0.07086105009448043,0.032131179064048505,-2.240236813198328,-0.005431983180170421,2.5260173379741304,-0.9456362677500688
74,-0.16638650000095367,0.21928144991397858,-0.14010365307331085,-1.6367393732070923,0.3668917715549469,0.15111300349235535,-0.08592512458562851,0.4,0.01,-0.204,0.40035825365386396,0.09949064302086685,-0.19841276458253054,0.0067649326190240555,0.0007390166148969479,0.00017208841367100103,0.02169772358573674,0.000170785883377933,0.027249261413063774,0.010246981361587595,0.08966560507563062,5.931042604847619,-0.6764932619024061,-0.07390166148969571,0.017208841367098986,-2.169772358573678,-0.017078588337791075,2.7249261413063763,-1.02469813615876
75,-0.16926592588424683,0.21986569464206696,-0.14088986814022064,-1.6456085443496704,0.3676237165927887,0.16948112845420837,-0.09305307269096375,0.4,0.01,-0.19999999999999998,0.4004133972863145,0.09947731634560954,-0.19554000254860363,0.007185658541433743,0.0008840556662258192,0.00020696379013318555,0.0215715013875164,2.838700140017636e-05,0.025218085416688546,0.009482768050508447,0.08958935547817652,5.829077676526538,-0.7185658541433732,-0.08840556662258212,0.020696379013318802,-2.1571501387516405,-0.0028387001400200732,2.521808541668854,-0.9482768050508446
76,-0.173151433467865,0.2185424268245697,-0.1399315595626831,-1.6584371328353882,0.366720974445343,0.17836226522922516,-0.09617210924625398,0.4,0.01,-0.19599999999999998,0.40034833975879625,0.09946847885533253,-0.1903886006602537,0.007617211359950915,0.0009218387633809499,9.390682038273868e-05,0.020850051790365143,0.0001021999472347046,0.026572120284147627,0.010024606218202545,0.08964495441364644,5.9328739469612515,-0.7617211359950902,-0.09218387633809495,0.009390682038274254,-2.0850051790365156,-0.010219994723467874,2.6572120284147616,-1.0024606218202552
77,-0.17645157873630524,0.2189816385507584,-0.1406829059123993,-1.667180061340332,0.3675953149795532,0.1946992129087448,-0.10253584384918213,0.4,0.01,-0.19199999999999998,0.400378072435539,0.09945930925812828,-0.18728179948115717,0.007984349116341827,0.001072583348174977,0.00010347690571113621,0.02074993387003321,3.456009515090397e-05,0.025180634006678,0.009512953952338657,0.08958444266636903,5.869313140867462,-0.7984349116341818,-0.1072583348174984,0.010347690571112372,-2.0749933870033312,0.0034560095150920752,2.5180634006678,-0.9512953952338659
78,-0.18076863884925842,0.2176205813884735,-0.13983765244483948,-1.6792871952056885,0.3666187822818756,0.20493438839912417,-0.10619671642780304,0.4,0.01,-0.18799999999999997,0.40031751176500907,0.0994327060130576,-0.1823206988485408,0.008372117047381333,0.001163599105112989,1.4481189148374263e-06,0.02012434128452667,8.310464166066955e-05,0.026150540400187577,0.009941665199350289,0.08961341517935736,5.945253340690783,-0.837211704738133,-0.11635991051129951,-0.0001448118914834315,-2.0124341284526603,0.008310464166067965,2.6150540400187587,-0.9941665199350294
79,-0.18443593382835388,0.2179090529680252,-0.1405794322490692,-1.6879299879074097,0.367629885673523,0.21987985074520114,-0.11204879730939865,0.4,0.01,-0.18399999999999997,0.4000321592288617,0.09958059199450084,-0.17978267703142972,0.006918524912830903,0.0021626384658149644,0.0008569712010914332,0.01978499454368743,0.0012350881268615166,0.0246681995453307,0.008153496578926528,0.08967981550673741,5.75129089773219,-0.691852491283091,-0.21626384658149653,0.08569712010914271,-1.978499454368747,0.12350881268614936,2.466819954533071,-0.8153496578926533
80,-0.18914075195789337,0.21645697951316833,-0.13983909785747528,-1.6994115114212036,0.3667019009590149,0.2310849279165268,-0.11613838374614716,0.4,0.01,-0.17999999999999997,0.40028335460211706,0.09939552719790581,-0.17421338968830266,0.009174081113066224,0.0013464572766043736,9.077620805142406e-05,0.01936220906801167,0.0001997648090572568,0.025825453729636905,0.009894576338901173,0.08958306442470866,5.969438926278315,-0.9174081113066234,-0.13464572766043634,-0.009077620805142203,-1.9362209068011746,0.01997648090572799,2.582545372963688,-0.989457633890117
81,-0.19135445356369019,0.2157464176416397,-0.13972246646881104,-1.7077150344848633,0.3688649833202362,0.24454805254936218,-0.12020229548215867,0.4,0.01,-0.17599999999999996,0.40004334553951254,0.0994483351944558,-0.1713083415420591,0.009994534174177505,0.0008826454268906492,0.0006492468583405853,0.0193054575148075,0.00031120632916792346,0.02496891442536625,0.010406063562088189,0.08957130236287449,5.888343486629083,-0.99945341741775,-0.088264542689065,-0.0649246858340576,-1.9305457514807407,-0.031120632916793216,2.4968914425366266,-1.0406063562088177
82,-0.19831483066082,0.21511052548885348,-0.13972246646881104,-1.7077150344848633,0.3688649833202362,0.24454805254936218,-0.12020229548215867,0.4,0.01,-0.17199999999999996,0.4009269360249967,0.09945298593138532,-0.16678016819510402,0.010948563649236631,0.0007241375370820313,0.0020577776583397267,0.02376897682003354,0.00015099818465891257,0.02743450519567131,0.015063784726704374,0.08960994669402757,6.390154890511269,-1.094856364923664,0.0724137537082021,-0.205777765833974,-2.376897682003347,-0.015099818465892312,2.743450519567131,-1.5063784726704368
83,-0.20134899020195007,0.21486377716064453,-0.1399298757314682,-1.7187737226486208,0.3669016659259796,0.25691038370132446,-0.1260329633951187,0.4,0.01,-0.16799999999999995,0.4004915845287268,0.09929575072503899,-0.16337478540357253,0.010919992789417049,0.0003996911758197552,0.0014532599014642766,0.02218559481727067,0.0005829442450038247,0.027162689053060907,0.013589128649232646,0.08941680693784694,6.35051169251625,-1.091999278941706,-0.03996911758197502,-0.14532599014642802,-2.2185594817270675,0.058294424500381026,2.7162689053060918,-1.358912864923265
84,-0.20134899020195007,0.21486377716064453,-0.14037171006202698,-1.727020502090454,0.3685537874698639,0.2695169746875763,-0.13060836493968964,0.4,0.01,-0.16399999999999995,0.4003516561421418,0.09902035914264647,-0.16029125371340683,0.015037039357243487,0.0009972741518412542,0.0029989361905608247,0.021470096767169267,0.0016143261427278843,0.026713048016016316,0.015416314815214216,0.08909827609413318,6.498601573250255,-1.5037039357243474,0.09972741518412596,-0.29989361905608375,-2.147009676716937,-0.16143261427279082,2.6713048016016305,-1.5416314815214216
85,-0.2092633992433548,0.21583466231822968,-0.14037171006202698,-1.727020502090454,0.3685537874698639,0.2695169746875763,-0.13060836493968964,0.4,0.01,-0.16000000000000006,0.4007763660483371,0.09921192347427213,-0.15536883606941887,0.014466944834164108,0.0013932392991324039,0.004750824427799033,0.02795284329280867,0.00035432707480187453,0.029622524362461267,0.02060751473802433,0.08933542250178433,7.028367203069195,-1.446694483416412,0.13932392991324039,-0.4750824427799032,-2.7952843292808778,0.03543270748018548,2.962252436246129,-2.0607514738024326
86,-0.2122689783573151,0.21446408331394198,-0.1413831412792206,-1.7409592866897583,0.3685537874698639,0.2695169746875763,-0.13060836493968964,0.4,0.01,-0.15600000000000006,0.39984603919360184,0.09909355557543958,-0.1503670032572498,0.014545973397166928,0.0012154122135725753,0.0037500329955576506,0.025614202296210253,4.302737302314119e-05,0.03297643828360736,0.020284865708827926,0.08927158563231463,7.293829693162763,-1.4545973397166914,0.12154122135725796,-0.3750032995557642,-2.5614202296210298,-0.004302737302314958,3.2976438283607363,-2.028486570882793
87,-0.21638603508472443,0.21586105227470398,-0.1433706432580948,-1.748490571975708,0.3685537874698639,0.2695169746875763,-0.13060836493968964,0.4,0.01,-0.15200000000000005,0.4004832981849987,0.09877809325388265,-0.14597448899218812,0.018312157549046804,0.0016999030378211655,0.004101015049008783,0.022203909627155127,0.0024936596881915962,0.035065018090787436,0.020410247243770108,0.08898365131773348,7.787296872259105,-1.831215754904679,0.1699903037821171,-0.4101015049008774,-2.220390962715519,-0.24936596881915749,3.506501809078744,-2.0410247243770114
88,-0.22373034060001373,0.21722790598869324,-0.14512252807617188,-1.754973292350769,0.3689081072807312,0.2991394996643067,-0.15121588110923767,0.4,0.01,-0.14800000000000005,0.400190835632702,0.09901735239735626,-0.14461212785738756,0.013797353150849456,0.0017830499097176156,0.0015981495704230908,0.023417523304784638,0.0016118277468389897,0.03030985498146671,0.014740716826369488,0.08908200224359862,7.287495408818984,-1.379735315084946,-0.17830499097176078,-0.15981495704230922,-2.3417523304784713,0.16118277468389777,3.0309854981466735,-1.4740716826369487
89,-0.23469819128513336,0.21756096184253695,-0.14513316750526428,-1.7665735483169558,0.36851075291633606,0.30249342322349554,-0.1508932262659073,0.4,0.01,-0.14400000000000004,0.40077535465953096,0.09920992620612837,-0.1389240808851329,0.012288216574480149,0.004253178009370223,0.0008241157132492793,0.018615734769894754,0.001953219610937751,0.032499428574678135,0.011715978975392699,0.08935757977592947,7.403679973022747,-1.228821657448015,-0.42531780093702154,-0.08241157132492789,-1.861573476989474,0.19532196109377573,3.2499428574678126,-1.1715978975392696
90,-0.23469819128513336,0.21756096184253695,-0.14747165143489838,-1.7706944942474365,0.36606013774871826,0.30458199977874756,-0.15101861953735352,0.4,0.01,-0.14000000000000004,0.40014796764129007,0.09866067231786084,-0.13613167606066703,0.014627814929978666,0.002481257864907188,0.0010494958519099984,0.021008438838115095,0.0018492320338304724,0.03405597662209725,0.014996276567971284,0.08874514431999973,7.798824408237863,-1.4627814929978675,-0.24812578649071937,-0.10494958519100007,-2.1008438838115038,0.18492320338304646,3.4055976622097273,-1.4996276567971276
91,-0.24698640406131744,0.21330778300762177,-0.14672067761421204,-1.7783907651901245,0.3705199360847473,0.3294493556022644,-0.16595660150051117,0.4,0.01,-0.13600000000000004,0.4011097979728655,0.09912659714941785,-0.1314305750020133,0.013599485402775613,0.002374152035346272,0.00016240625358762695,0.01988961441312842,0.0013313313147311212,0.03126959796183926,0.012151036314926839,0.08925055526879046,7.518539954049345,-1.359948540277559,-0.2374152035346285,0.016240625358762698,-1.9889614413128378,0.13313313147311226,3.126959796183923,-1.215103631492683
92,-0.24698640406131744,0.21330778300762177,-0.14595727622509003,-1.7851892709732056,0.3704639673233032,0.3349928557872772,-0.16260920464992523,0.4,0.01,-0.13200000000000003,0.4011360492671011,0.0986240245650533,-0.1266375130878531,0.021430131879573655,0.0003341392827444223,0.0039035015785864324,0.020136374268682866,0.002199297761095842,0.03325815977985064,0.018682139226427724,0.0887933815322257,8.021311725854957,-2.143013187957367,0.03341392827444105,-0.3903501578586429,-2.013637426868284,-0.21992977610958653,3.3258159779850636,-1.8682139226427728
93,-0.2605859041213989,0.2109336256980896,-0.1465582698583603,-1.7982803583145142,0.37185126543045044,0.3607189655303955,-0.1781076341867447,0.4,0.01,-0.12800000000000003,0.40092587668885477,0.09915775658414937,-0.12331133452143353,0.013729731117799848,0.003874299122017366,0.0004286688525416693,0.016048097914583614,0.0014905577362897549,0.03002682018525188,0.009602083991220478,0.08928575693094222,7.2907710066572236,-1.3729731117799873,-0.38742991220173667,0.04286688525416788,-1.604809791458372,0.14905577362897385,3.0026820185251903,-0.9602083991220481
94,-0.26841652393341064,0.2136419266462326,-0.14986078441143036,-1.8053256273269653,0.36826467514038086,0.3682510256767273,-0.1812913417816162,0.4,0.01,-0.12400000000000003,0.400939120913016,0.09879755907502309,-0.11894586987071688,0.013497395363734566,0.005212801712909637,0.0013149814622803735,0.015404905661742463,0.003010362169681091,0.031150684959459163,0.008645973544302299,0.08894623475524531,7.591925670190449,-1.3497395363734552,-0.5212801712909634,0.13149814622803854,-1.5404905661742525,0.30103621696810756,3.115068495945917,-0.8645973544302284
95,-0.27431562542915344,0.20705932378768924,-0.14612960815429688,-1.81432843208313,0.373341828584671,0.39074578881263733,-0.1877097189426422,0.4,0.01,-0.12000000000000002,0.40084226770948367,0.09909896769450473,-0.11508121845926599,0.015024405620562953,0.0035565723368890245,0.000134017656691382,0.014731111861121082,0.0011329760718103987,0.02908875427755775,0.010040679270773678,0.08923861199596451,7.156294455056184,-1.502440562056294,-0.35565723368890234,-0.013401765669137172,-1.4731111861121,0.11329760718103969,2.9088754277557762,-1.004067927077369
96,-0.2819139063358307,0.20842912793159485,-0.14854580163955688,-1.8207305669784546,0.37127503752708435,0.3994017243385315,-0.1899373084306717,0.4,0.01,-0.11600000000000002,0.4008860238209625,0.0988074176550806,-0.11070638592541623,0.015595711798609635,0.004028868823456322,0.0001045993562535652,0.01438815755060574,0.0018182425644005518,0.029997958132032154,0.010180857613337396,0.0889694600340244,7.3992248208547835,-1.559571179860963,-0.40288688234563086,0.010459935625357119,-1.4388157550605782,0.18182425644005512,2.999795813203214,-1.018085761333739
97,-0.2819139063358307,0.20842912793159485,-0.14854580163955688,-1.8207305669784546,0.37127503752708435,0.3994017243385315,-0.1899373084306717,0.4,0.01,-0.11200000000000002,0.4006237991268631,0.09853142243498077,-0.10715479850333857,0.020936693435371467,0.001478295962043824,0.002944339952547975,0.019401971326533207,0.0004937093260259373,0.03218577268750744,0.01717129241282983,0.08866610322583791,8.058275411982152,-2.0936693435371465,-0.14782959620438288,-0.2944339952547978,-1.9401971326533207,0.049370932602592905,3.218577268750747,-1.7171292412829817
98,-0.2893400192260742,0.20350274443626404,-0.14626362919807437,-1.8290596008300781,0.37447479367256165,0.4198345541954041,-0.19775040447711945,0.4,0.01,-0.10800000000000001,0.4004692736997021,0.09867542311018448,-0.10309547107150485,0.021603073319115706,0.0009307640761957447,0.0037581154714864673,0.01892182460122327,0.00013088687896078977,0.030835114113332895,0.017698499379080912,0.08881219108650523,7.759103820211351,-2.160307331911571,-0.09307640761957403,-0.37581154714864695,-1.89218246012233,-0.013088687896078992,3.083511411333288,-1.7698499379080925
99,-0.2975096106529236,0.2044002562761307,-0.14844119548797607,-1.8351187705993652,0.37309327721595764,0.4293996691703797,-0.20011816918849945,0.4,0.01,-0.10400000000000001,0.40062429747142303,0.09853195225979533,-0.10039609321278717,0.01953451380738297,0.0026404016322083,0.0022013704850481763,0.016255552800650053,0.0012065200602819348,0.030424401957742486,0.014525060073386442,0.0886074740774977,7.640484604077642,-1.9534513807382947,-0.26404016322083057,-0.22013704850481805,-1.6255552800649984,0.12065200602819588,3.042440195774249,-1.4525060073386438
100,-0.3170441389083863,0.20175985991954803,-0.15064255893230438,-1.8513742685317993,0.37429979443550115,0.4598240852355957,-0.2146432250738144,0.4,0.01,-0.1,0.4004042121600282,0.09899281050674733,-0.09723414863883335,0.007421306413331885,0.008377532925617936,0.004301490205026071,0.00801672989462543,0.00612874211993214,0.026201683619922922,0.0008841085871078014,0.0890366982940867,6.494862967206814,-0.7421306413331867,-0.837753292561794,0.43014902050260617,-0.8016729894625427,0.6128742119932136,2.620168361992291,-0.08841085871078092
101,-0.3170441389083863,0.20175985991954803,-0.15064255893230438,-1.8513742685317993,0.37429979443550115,0.4598240852355957,-0.2146432250738144,0.4,0.019799999999999998,-0.1,0.4003507834957911,0.09903844194808951,-0.09653763337744409,0.00843712671304242,0.008368327897331274,0.004233067241317251,0.009011201076140063,0.0060117490521238715,0.02660648019317008,0.001212685209470682,0.07931482657139623,6.567854494494327,-0.8437126713042418,-0.8368327897331287,0.42330672413172404,-0.9011201076140128,0.6011749052123894,2.6606480193170094,-0.12126852094706897
102,-0.3170441389083863,0.20175985991954803,-0.15064255893230438,-1.8513742685317993,0.37429979443550115,0.4598240852355957,-0.2146432250738144,0.4,0.0296,-0.1,0.4003286045663888,0.09910575437706379,-0.09739817045069167,0.006792517408997889,0.009604144478990717,0.005254615989129963,0.008209432185059873,0.006853008879421363,0.026101167288347826,0.0011694273589088755,0.06955521108795104,6.355195388268214,-0.6792517408997913,-0.9604144478990714,0.5254615989129976,-0.820943218505989,0.6853008879421356,2.6101167288347806,0.11694273589088705
103,-0.32548126578330994,0.19339153170585632,-0.14634107053279877,-1.8593909740447998,0.3804285228252411,0.48602578043937683,-0.2155273407697678,0.4,0.0394,-0.1,0.4002968784035984,0.09970774999546873,-0.09613408642719713,0.002758098542120724,0.008714655034905094,0.005868202237038045,0.004991535759635735,0.006260899011425847,0.021892636601366644,0.003475164217126736,0.06043226070613993,5.175009693601169,-0.2758098542120729,-0.8714655034905094,0.5868202237038034,-0.49915357596356436,0.6260899011425857,2.1892636601366697,0.3475164217126741
104,-0.32548126578330994,0.19339153170585632,-0.14640949666500092,-1.8603854179382324,0.3803115487098694,0.48643055558204656,-0.2158559113740921,0.4,0.0492,-0.1,0.40017992112027595,0.09973851332007508,-0.09583037176891814,0.0029331792416938396,0.009100247954835328,0.006156699355464951,0.004856580821727574,0.00640956751837618,0.022017934771390302,0.004056619422559249,0.050710546238414374,5.171933559861941,-0.2933179241693827,-0.910024795483534,0.6156699355464961,-0.4856580821727581,0.6409567518376164,2.201793477139031,0.40566194225592367
105,-0.3282393515110016,0.1846768707036972,-0.140472874045372,-1.8643825054168701,0.38115280866622925,0.4859252572059632,-0.21347379684448245,0.4,0.059000000000000004,-0.1,0.40006232280302056,0.10004467766267826,-0.0940459767977821,0.002249337299752019,0.008192933062392271,0.005427295000744459,0.0033745689802744394,0.005217360679266814,0.02277850382406782,0.0030216455663887587,0.04147432749132269,5.090979466707552,-0.22493372997519964,-0.8192933062392271,0.5427295000744454,-0.33745689802744877,0.5217360679266819,2.2778503824067773,0.30216455663887587
106,-0.3284144401550293,0.1842912882566452,-0.14025279879570007,-1.8652420043945312,0.3867211043834687,0.5084484815597534,-0.21179929375648499,0.4,0.0688,-0.1,0.40007949177238006,0.10008552932110165,-0.09507921341144666,0.003141059061020468,0.006963798802794546,0.004355543502356174,0.003792012143580603,0.004258207389513713,0.01849578583931355,0.0025332796111038336,0.03167025109615448,4.14676715673113,-0.31410590610204947,-0.6963798802794553,0.4355543502356171,-0.3792012143580597,0.4258207389513702,1.8495785839313506,0.253327961110384
107,-0.3304886817932129,0.17648394405841827,-0.13504557311534882,-1.8677570819854736,0.3863701820373535,0.5087037682533264,-0.2104521542787552,0.4,0.0786,-0.1,0.4000385484004369,0.1002525966512214,-0.09436480784210581,0.0016754529591990752,0.006063277074589923,0.0039604710598250825,0.0023935096459415384,0.003513384147748655,0.01854993276036221,0.0018648188621421813,0.022373909322602796,4.035540817205231,-0.16754529591991005,-0.6063277074589923,0.3960471059825092,-0.239350964594156,0.35133841477486494,1.8549932760362167,0.18648188621421802
108,-0.33155548572540283,0.1773274838924408,-0.13589724898338318,-1.8690340518951418,0.39097931981086737,0.5269442796707153,-0.20926600694656372,0.4,0.08839999999999999,-0.1,0.40004073142829644,0.10024429573912856,-0.09523987850448754,0.0015317754314265741,0.005281608570715968,0.0033816033988602334,0.0020304588078976504,0.0030035392002449313,0.015097442602855948,0.0019521069074117658,0.012765099187128556,3.2805216740078436,-0.15317754314265933,-0.5281608570715979,0.3381603398860243,-0.20304588078976166,0.3003539200244944,1.50974426028559,0.19521069074117542
109,-0.33155548572540283,0.1773274838924408,-0.13589724898338318,-1.8690340518951418,0.39097931981086737,0.5269442796707153,-0.20926600694656372,0.4,0.0982,-0.1,0.4000263548610045,0.10024089535184243,-0.09504428207145732,0.001836054946732335,0.005567791569234731,0.0034592770624515545,0.002277405035011615,0.00310676377509711,0.015202372796241814,0.0022161207266915006,0.005359579144219256,3.2933679747412725,-0.18360549467323337,-0.5567791569234726,0.3459277062451561,-0.22774050350116665,0.3106763775097091,1.5202372796241839,0.22161207266915123
110,-0.33308726549148565,0.17204587161540985,-0.1310850977897644,-1.8701505661010742,0.3898835778236389,0.5272536873817444,-0.20858733355998993,0.4,0.108,-0.1,0.40039486810648467,0.10871085611085864,-0.09463790689357568,0.004166542729135303,0.007916305407141527,0.018561212099812985,0.008647940552451328,0.00010372171498934657,0.01659872600606782,0.0028230675096548308,0.005423401120498752,3.594369062152623,0.41665427291353013,0.7916305407141534,1.8561212099812985,-0.8647940552451258,-0.010372171498934485,1.6598726006067814,0.2823067509654835
111,-0.33339154720306396,0.171759694814682,-0.13243797421455383,-1.8713114261627197,0.394086092710495,0.542146623134613,-0.2070498913526535,0.4,0.11779999999999999,-0.1,0.40074527772906376,0.11912103722979286,-0.09493577464801903,0.009034618106382009,0.025554097531716197,0.03916182968553354,0.01655199653012751,0.0037327777221412006,0.015488614027019842,0.0043553937446883795,0.005286488122712857,3.8407632091249866,0.9034618106382027,2.55540975317162,3.916182968553354,-1.6551996530127517,-0.3732777722141191,1.5488614027019867,0.4355393744688388
112,-0.32892072200775146,0.1799621731042862,-0.1125238835811615,-1.878798484802246,0.38977986574172974,0.5438523888587952,-0.20576426386833194,0.4,0.1276,-0.1,0.4006630479311825,0.130550363206877,-0.09474860235550743,0.012056741759214784,0.030664026130647254,0.04606410729733407,0.01938394313120173,0.008311914190903658,0.018910602868266402,0.0065649422857872175,0.0060598228383444575,4.674070205359897,1.2056741759214773,3.0664026130647253,4.6064107297334065,-1.9383943131201644,-0.8311914190903668,1.8910602868266366,0.6564942285787206
113,-0.32435694336891174,0.19731378555297852,-0.09327614307403564,-1.8878633975982666,0.38977986574172974,0.5438523888587952,-0.20576426386833194,0.4,0.13740000000000002,-0.1,0.4004037296455184,0.1422891035692232,-0.09446084058066044,0.015035804320014612,0.03235494689150198,0.05060300149131586,0.02009743825336896,0.014008204389736267,0.023892126426544924,0.010940844658953425,0.007399230933693001,5.777233356661611,1.503580432001459,3.235494689150198,5.060300149131586,-2.00974382533689,-1.4008204389736254,2.3892126426544884,1.0940844658953437
114,-0.3168639838695526,0.21062619984149933,-0.0664597749710083,-1.8981823921203613,0.38146793842315674,0.562762975692749,-0.19919931888580322,0.4,0.14720000000000003,-0.1,0.400103949618752,0.1535477943859139,-0.09553331297949019,0.01560207843174033,0.033615916592859146,0.05200188921868196,0.019090180937693102,0.020833481160499878,0.023824934716409785,0.014314087392038044,0.007762511966384928,6.157604337272858,1.5602078431740318,3.3615916592859145,5.200188921868196,-1.9090180937693064,-2.0833481160499883,2.3824934716409762,1.4314087392038046
115,-0.3093211352825165,0.22966873645782473,-0.04267314076423645,-1.9079608917236328,0.38146793842315674,0.562762975692749,-0.19919931888580322,0.4,0.157,-0.1,0.39966338746031776,0.16528526979970604,-0.09546081239059469,0.0160742125596115,0.03280807358532592,0.053850263626625317,0.01708500713255101,0.029552142589060137,0.029293474117613072,0.020817685735511654,0.009453212565534058,7.302346205253912,1.6074212559611476,3.2808073585325896,5.385026362662532,-1.7085007132551042,-2.9552142589060146,2.9293474117613076,2.081768573551164
116,-0.30126190185546875,0.2442421168088913,-0.01445788610726595,-1.9172725677490237,0.360634446144104,0.5865879058837891,-0.1848852336406708,0.4,0.1668,-0.1,0.39945501747649464,0.17575283564205235,-0.09669207843394491,0.015518548767920415,0.03274355117670846,0.054719292376218025,0.014325140300043282,0.035848363891119506,0.025862021635641885,0.02522281523068806,0.009559948591477968,7.391100523603654,1.5518548767920428,3.274355117670849,5.4719292376218025,-1.432514030004332,-3.5848363891119526,2.586202163564192,2.5222815230688074
117,-0.2932469248771668,0.2624768018722534,-0.01445788610726595,-1.9172725677490237,0.360634446144104,0.5865879058837891,-0.1848852336406708,0.4,0.1766,-0.1,0.39912546473249977,0.1866797625518225,-0.09611002695602827,0.014435374238330856,0.0403936613141711,0.07351813501449146,0.01907907744328785,0.04243171041512367,0.03006914873260269,0.03573189954237968,0.010839663985477208,8.59320800852828,1.4435374238330876,4.039366131417111,7.351813501449146,-1.907907744328792,-4.243171041512365,3.006914873260272,3.5731899542379675
118,-0.2857433557510376,0.27698567509651184,0.0402614064514637,-1.9315977096557617,0.32478609681129456,0.6124499440193176,-0.1596624255180359,0.4,0.1864,-0.1,0.3989780176922199,0.197038295586337,-0.09789728073452823,0.014305422064529394,0.03074415222210658,0.056986712826464864,0.008499823423780528,0.05151988265508006,0.02325897300517299,0.03758578844208889,0.010892162738826434,8.23187244667406,1.43054220645294,3.0744152222106593,5.698671282646487,-0.849982342378043,-5.151988265508008,2.3258973005172994,3.7585788442088885
119,-0.2788115441799164,0.3028704524040222,0.05906024947762489,-1.9363516569137573,0.3182027339935303,0.6166570782661438,-0.14915333688259125,0.4,0.1962,-0.1,0.39868876924171015,0.20800570918171862,-0.09792115669604899,0.01513501913941101,0.029080789173387578,0.06061026195768024,0.005845172382748842,0.061373910781756635,0.02479793191477242,0.04772115472615748,0.012058842600647149,9.038861755372182,1.5135019139411021,2.9080789173387576,6.061026195768023,-0.584517238274876,-6.137391078175662,2.4797931914772398,4.772115472615748
120,-0.27143794298171997,0.3077298402786255,0.0972481220960617,-1.9400975704193115,0.2732662260532379,0.6357089281082153,-0.12207663804292679,0.4,0.20600000000000002,-0.1,0.39869586806120394,0.21750566348714362,-0.09890548337561234,0.012707030253936158,0.028111341799259226,0.05907721287716261,0.002614705297260489,0.06666275071482602,0.01616370030517822,0.049520453145992724,0.011630950908426986,8.636451540458268,1.270703025393617,2.81113417992592,5.90772128771626,-0.2614705297260567,-6.666275071482603,1.6163700305178261,4.952045314599272
121,-0.2636765241622925,0.33195123076438904,0.11967051029205322,-1.942196846008301,0.2732662260532379,0.6357089281082153,-0.12207663804292679,0.4,0.2158,-0.1,0.39831366327136886,0.22883869009001112,-0.09891329359033746,0.012165385919076344,0.024332999265755995,0.06151173873262167,1.9287131919565326e-05,0.0806301115592516,0.01837938158675756,0.06344465640951633,0.013192122711924967,9.699942482801383,1.2165385919076361,2.4332999265756015,6.151173873262168,-0.0019287131919454913,-8.063011155925158,1.8379381586757555,6.344465640951633
122,-0.2587309181690216,0.33584117889404297,0.11967051029205322,-1.942196846008301,0.25682881474494934,0.6414549946784973,-0.10143218189477922,0.4,0.2256,-0.1,0.397967909560659,0.23895818674151614,-0.09857501340284192,0.013485441544059673,0.039378849975742036,0.08617344613833802,0.000802787243216363,0.08910591417755981,0.015321953432562596,0.06904298357154161,0.013586799894638889,10.12366569539387,1.3485441544059684,3.9378849975742036,8.617344613833803,0.08027872432163455,-8.910591417755981,1.5321953432562567,6.90429835715416
123,-0.2515111267566681,0.3562842309474945,0.18118225038051605,-1.942216157913208,0.19263611733913422,0.6540883183479309,-0.058631982654333115,0.4,0.23540000000000003,-0.1,0.3983666411298852,0.24781628495073005,-0.09969191973095881,0.00967513181158064,0.0227746963609623,0.06231495301651424,0.006014869317882088,0.09234119248165687,0.0034874463591088034,0.0692704615252499,0.012527047003523223,9.084913103376216,0.967513181158064,2.277469636096228,6.231495301651423,0.6014869317882009,-9.234119248165687,0.3487446359108853,6.927046152524991
124,-0.24524547159671783,0.37522003054618835,0.20584395527839663,-1.9413940906524658,0.1677228957414627,0.6567769646644592,-0.03238919749855995,0.4,0.2452,-0.1,0.39825402335997917,0.2578268272535325,-0.09979417929643362,0.009533523148867629,0.021861863875380527,0.06414095682185048,0.009955800653415725,0.10188816143676148,0.0015791231980982756,0.07554877231040233,0.01274862985108856,9.168267826208282,0.9533523148867622,2.1861863875380534,6.414095682185048,0.9955800653415762,-10.188816143676148,-0.15791231980982287,7.554877231040233
125,-0.24183599650859833,0.37905892729759216,0.24349720776081085,-1.9362013339996338,0.10029492527246475,0.657575786113739,0.010638479143381119,0.4,0.255,-0.1,0.3985354639636607,0.2662100666323222,-0.09995102985698821,0.006829023897818004,0.021048936071071722,0.062293602039936724,0.0116515141718192,0.0997547654441554,0.009905513955246414,0.0722295753169641,0.011305434877869449,8.112196603769817,0.682902389781801,2.104893607107172,6.22936020399367,1.1651514171819304,-9.97547654441554,-0.990551395524636,7.22295753169641
126,-0.2357119470834732,0.3970818817615509,0.2699849009513855,-1.9314383268356323,0.06583473086357117,0.6551978588104248,0.04315957427024841,0.4,0.26480000000000004,-0.1,0.39853516295724867,0.2757217962719625,-0.09996387611897407,0.00565946655965377,0.02000528125996548,0.06239751793777393,0.014538991524101874,0.10583494673661252,0.015573822903774737,0.07565459012977238,0.01101965000818314,7.858341902056814,0.5659466559653759,2.0005281259965497,6.239751793777395,1.4538991524101978,-10.583494673661251,-1.5573822903774779,7.565459012977238
127,-0.23500697314739227,0.40010786056518555,0.30579081177711487,-1.9245498180389404,0.0005401598173193634,0.6476702690124512,0.0828680545091629,0.4,0.2746,-0.1,0.39875325544012935,0.28416947215219235,-0.09991527634471986,0.0038386747814241617,0.02056481639843455,0.06103117706156308,0.017075648344775374,0.10195190228046902,0.02029518930075247,0.07139013703970759,0.009650717453480636,6.864839015507846,0.38386747814241645,2.0564816398434576,6.1031177061563096,1.7075648344775411,-10.195190228046902,-2.029518930075252,7.1390137039707575
128,-0.23005248606204987,0.4170871675014496,0.3323824107646942,-1.9168993234634402,-0.04000021517276764,0.6396240592002869,0.11881416290998459,0.4,0.28440000000000004,-0.1,0.3987974687307597,0.2932155573812357,-0.09986582584527513,0.0026839873343295073,0.020162743549568263,0.06059990766728918,0.01973719519681638,0.10631078814101866,0.025336332169666687,0.07353650120352162,0.008898209713147682,6.290757636414372,0.268398733432952,2.016274354956827,6.059990766728916,1.9737195196816482,-10.631078814101866,-2.533633216966663,7.353650120352163
129,-0.23116829991340637,0.4206726849079132,0.3668219745159149,-1.907474160194397,-0.10141174495220184,0.6273750662803651,0.15425819158554077,0.4,0.29419999999999996,-0.1,0.39896170590356045,0.3019362233207893,-0.0997889458076985,0.001164474100811358,0.021587621903749188,0.05844316261680993,0.0223204631484184,0.09865355966680961,0.027327049951124005,0.06674948140236797,0.007808440930935826,5.509953793782456,0.11644741008113621,2.1587621903749175,5.844316261680993,2.23204631484183,-9.865355966680962,-2.7327049951124027,6.674948140236797
130,-0.22736850380897522,0.43724989891052246,0.392982304096222,-1.8971620798110962,-0.10141174495220184,0.6273750662803651,0.15425819158554077,0.4,0.304,-0.1,0.3987052261691486,0.31268976283724115,-0.10001092278838712,0.0007305362824794048,0.01907870591007338,0.058188030408684255,0.024154336988282843,0.11948851626625456,0.0346681735855795,0.07935343404502235,0.008785700697602965,6.127491934860178,-0.07305362824794094,1.9078705910073366,5.818803040868423,2.4154336988282896,-11.948851626625457,-3.4668173585579503,7.935343404502235
131,-0.23000381886959076,0.4422602951526642,0.4252651333808899,-1.8851536512374878,-0.2000652998685837,0.6000480055809021,0.22100767493247986,0.4,0.3138,-0.1,0.3991245613707817,0.31977031629597874,-0.09969930529739895,0.0009401747593986709,0.023614926683936388,0.054910194867986484,0.027381367048215033,0.09087298276434577,0.03154742431912416,0.0590210773345195,0.006041646031648078,4.224970801933919,-0.09401747593986581,2.361492668393638,5.491019486798647,2.738136704821514,-9.087298276434579,-3.154742431912419,5.902107733451952
132,-0.2280990332365036,0.4563286006450653,0.4252651333808899,-1.8851536512374878,-0.2000652998685837,0.6000480055809021,0.22100767493247986,0.4,0.3236,-0.1,0.3985786792700914,0.33045268768820346,-0.09948236547656138,0.0014407753148514557,0.028929267371177736,0.07698159254159775,0.04020602128491513,0.10669241596867016,0.04131907842732396,0.07353378546614442,0.007017651079184464,4.853360110947874,0.14407753148514482,2.8929267371177745,7.698159254159771,4.020602128491521,-10.669241596867018,-4.131907842732392,7.353378546614439
133,-0.2309439927339554,0.46587520837783813,0.4801753163337708,-1.8577722311019897,-0.29093828797340393,0.568500578403473,0.280028760433197,0.4,0.33340000000000003,-0.1,0.3992324217733388,0.3378588859848927,-0.09968657705137168,0.0025708937650199826,0.025909018089168512,0.050966369929867084,0.03226193430402735,0.08064269922299644,0.03385695236097397,0.04939380466903076,0.004535314157260084,3.1345621866770443,-0.257089376501999,2.5909018089168527,5.096636992986708,3.2261934304027275,-8.064269922299642,-3.385695236097397,4.939380466903079
134,-0.22665825486183167,0.4852578639984131,0.5022467374801636,-1.8449475765228271,-0.30675771832466125,0.5587289333343506,0.29454144835472107,0.4,0.3432,-0.1,0.3991040660816486,0.34779952206882353,-0.09975031844008878,0.0044442490763196285,0.02547252753910778,0.04987619263418486,0.03673741366135941,0.08848262587354833,0.03985147997038374,0.05361099707825073,0.00469261565963023,3.1950085859250033,-0.44442490763196313,2.5472527539107785,4.987619263418491,3.6737413661359475,-8.848262587354833,-3.9851479970383727,5.361099707825073
135,-0.23351489007472992,0.4917842149734497,0.5311416983604431,-1.8255102634429932,-0.37158098816871643,0.5346436500549316,0.32942256331443787,0.4,0.353,-0.1,0.3992932388241729,0.35627611872367765,-0.09973344061139428,0.004016249218426304,0.027972378707722734,0.04700615951405829,0.036988674184208925,0.07008895625917544,0.035041140720589725,0.03915175612751659,0.0033620706653700485,2.287554390282816,-0.40162492184263104,2.7972378707722703,4.700615951405826,3.698867418420896,-7.008895625917541,-3.50411407205897,3.9151756127516597
136,-0.23110251128673553,0.5107303857803345,0.552122950553894,-1.8082101345062256,-0.39524033665657043,0.5188774466514587,0.3481524586677552,0.4,0.3628,-0.1,0.39925154374593225,0.3658892076176255,-0.09976740421170757,0.005109259821609313,0.02826939997052258,0.04540143595757029,0.03967440527984101,0.07106564236060187,0.03786946438061728,0.03826542385257431,0.0031870819364710245,2.1440654693460903,-0.5109259821609322,2.8269399970522584,4.540143595757026,3.967440527984101,-7.106564236060186,-3.7869464380617264,3.8265423852574307
137,-0.2375311404466629,0.5197566151618958,0.5781478285789491,-1.788521647453308,-0.44166994094848633,0.4996024966239929,0.368574321269989,0.4,0.3726,-0.1,0.3993201999317429,0.37500372066131316,-0.0998053763242629,0.005537928526826885,0.02966741719182897,0.043190382764698554,0.041607532133818514,0.06066135879952794,0.0355846204200172,0.029288125263358722,0.0025055697008033203,1.67147801351494,-0.5537928526826899,2.966741719182901,4.319038276469859,4.160753213381851,-6.066135879952799,-3.558462042001722,2.9288125263358697
138,-0.23621177673339844,0.5389997959136963,0.5975244045257568,-1.7685357332229614,-0.4663059711456299,0.48100799322128296,0.3864178955554962,0.4,0.3824,-0.1,0.3993038504790721,0.38455730811409145,-0.09983496295978164,0.0063816559798961225,0.030095146706809794,0.041484279054458395,0.044044663131384665,0.058816470124076314,0.0367916848381748,0.026263386702654434,0.002272848362574362,1.4984268075351233,-0.6381655979896129,3.0095146706809843,4.148427905445841,4.404466313138465,-5.88164701240763,-3.679168483817479,2.626338670265444
139,-0.24306906759738922,0.5494240522384644,0.6213381886482239,-1.7469141483306885,-0.5023313164710999,0.4640178680419922,0.39786243438720703,0.4,0.3922,-0.1,0.39932483433702626,0.39397752859383184,-0.09987619605886706,0.007279174075659867,0.031078513169153887,0.03951516647757025,0.046172213031013376,0.052948696984279064,0.035712979513560617,0.020318378555795713,0.0019054616212846346,1.2425695148326295,-0.727917407565984,3.1078513169153896,3.951516647757024,4.617221303101337,-5.294869698427906,-3.57129795135606,2.0318378555795706
140,-0.2425934374332428,0.5690949559211731,0.6390087008476257,-1.7244911193847656,-0.5251224637031555,0.4442163109779358,0.4126812815666199,0.4,0.402,-0.1,0.39931493458635736,0.40356052213994426,-0.0999036300859446,0.008134796176951065,0.03149793651143007,0.03778742741147045,0.048513943430555706,0.05045901719067469,0.03617527425821815,0.016704347043544066,0.0017069947658269367,1.099737215440106,-0.8134796176951046,3.1497936511430122,3.7787427411470405,4.851394343055571,-5.045901719067474,-3.617527425821817,1.6704347043544037
141,-0.2503482401371002,0.5805025696754456,0.6608533263206482,-1.7007418870925903,-0.5552800297737122,0.42830488085746765,0.41818082332611084,0.4,0.4118,-0.1,0.39931412033950914,0.4131052686684151,-0.09992998605774267,0.0093225719271397,0.03232554626069439,0.03595048776102594,0.05075344056498121,0.04723035885748239,0.03566893414278244,0.012457477650613336,0.0014761636621769632,0.9347460437846791,-0.9322571927139726,3.232554626069444,3.595048776102598,5.075344056498132,-4.723035885748235,-3.566893414278245,1.2457477650613327
142,-0.25072821974754333,0.6005929112434387,0.6767961382865907,-1.6759772300720215,-0.5755814909934999,0.4080410301685333,0.42938563227653503,0.4,0.4216,-0.1,0.3993047086032695,0.4227550280911084,-0.09995699113907523,0.010257228296723098,0.03276900347246847,0.03417091599546007,0.05306212631947549,0.044644005570203094,0.03562296711080459,0.008792239772797694,0.001348840160929028,0.8486782557067665,-1.0257228296723084,3.276900347246847,3.4170915995460014,5.306212631947554,-4.464400557020308,-3.5622967110804584,0.8792239772797683
143,-0.25967082381248474,0.6128281354904175,0.6968038082122803,-1.6499884128570557,-0.602510392665863,0.39263594150543213,0.43063831329345703,0.4,0.4314,-0.1,0.39929707626763344,0.4323859020996895,-0.09997693738349853,0.011590017387871465,0.03360945150482619,0.032282775092316696,0.0553597629271223,0.04210698011142211,0.03488482474960186,0.005127073720421815,0.0012110477315020471,0.7519667730344874,-1.1590017387871467,3.360945150482622,3.228277509231664,5.535976292712238,-4.2106980111422105,-3.488482474960185,0.5127073720421838
144,-0.25967082381248474,0.6128281354904175,0.6968038082122803,-1.6499884128570557,-0.602510392665863,0.39263594150543213,0.43063831329345703,0.4,0.4412,-0.1,0.3986119596006261,0.4424286096795567,-0.0997476759480542,0.016936130754346357,0.049769424638632764,0.0490996474592128,0.08150486370700905,0.058212144854318915,0.04856294227691599,0.005918429181063889,0.0018707766628288148,0.9910958913536206,-1.6936130754346344,4.976942463863277,4.909964745921283,8.150486370700902,-5.8212144854318915,-4.856294227691596,0.5918429181063888
145,-0.2712608277797699,0.6464375853538513,0.7109670639038087,-1.6229151487350464,-0.620225489139557,0.372418075799942,0.4381778836250306,0.4,0.451,-0.1,0.39873630046540687,0.4520407492299292,-0.0998609364803512,0.007586638130301748,0.038283205458913505,0.04547728997776834,0.08564858286221377,0.05510608425072239,0.04972367737293221,0.0020651231031020845,0.0016429954765081612,0.9097899575817575,-0.7586638130301724,3.8283205458913483,4.54772899777683,8.56485828622137,-5.510608425072233,-4.97236773729322,0.20651231031020917
146,-0.276606947183609,0.6625975370407104,0.7459034323692322,-1.568483591079712,-0.660722553730011,0.34407299757003784,0.4365567564964295,0.4,0.46080000000000004,-0.1,0.39916785665250654,0.4615473628079479,-0.10004884692069949,0.013903609144491569,0.039139344643758456,0.023423763470351355,0.06560864964122781,0.03820901738029692,0.03842423241700793,0.002337921962740519,0.0011195533659201686,0.6365666106461672,-1.3903609144491555,3.913934464375848,2.34237634703513,6.560864964122791,-3.820901738029686,-3.842423241700791,-0.23379219627405343
147,-0.27884745597839355,0.6847208142280579,0.7564443349838257,-1.5372666120529175,-0.6753315925598145,0.3226943910121918,0.4402430057525635,0.4,0.47059999999999996,-0.1,0.39915376758642684,0.4712417519901416,-0.1000554927717934,0.015359418868946373,0.03931978411464365,0.022048779632339532,0.06759242901637585,0.037028451264339624,0.03781591778635773,0.00547928425250549,0.0010635009931137724,0.5972470845779845,-1.5359418868946375,3.9319784114643688,2.2048779632339555,6.759242901637591,-3.702845126433965,-3.7815917786357747,-0.5479284252505516
148,-0.2905105650424957,0.7017368674278259,0.7693272233009338,-1.5028749704360962,-0.6753315925598145,0.3226943910121918,0.4402430057525635,0.4,0.4804,-0.1,0.3989875996325539,0.4813147747857941,-0.10025429850964332,0.012375698778025468,0.04103768172560285,0.020316021999153056,0.06718581583444383,0.05095772436529333,0.05190754643859774,0.010409000139361857,0.0013879607864548814,0.8062706915596743,-1.2375698778025495,4.103768172560287,2.0316021999153016,6.718581583444387,-5.095772436529336,-5.190754643859775,-1.0409000139361841
149,-0.29420688748359686,0.7240406274795532,0.7784931063652039,-1.4696742296218872,-0.7123600244522095,0.2848784625530243,0.43476372957229614,0.4,0.49019999999999997,-0.1,0.39916412732945433,0.49061356441226384,-0.1000648073761137,0.01706943227273433,0.040325616751613724,0.018696945629294692,0.07063680629568814,0.0315868330052852,0.035766773412466535,0.010025305653294181,0.0009348361570109936,0.5072593583795709,-1.7069432272734357,4.03256167516137,1.8696945629294741,7.063680629568821,-3.1586833005285198,-3.5766773412466533,-1.0025305653294192
