Iteration,q_l_0,q_l_1,q_l_2,q_l_3,q_l_4,q_l_5,q_l_6,translation_goal_l_0,translation_goal_l_1,translation_goal_l_2,translation_l_0,translation_l_1,translation_l_2,ecart_q_l_0,ecart_q_l_1,ecart_q_l_2,ecart_q_l_3,ecart_q_l_4,ecart_q_l_5,ecart_q_l_6,Ecart_pos_l,Ecart_rot_l,Iteration,q_r_0,q_r_1,q_r_2,q_r_3,q_r_4,q_r_5,q_r_6,translation_goal_r_0,translation_goal_r_1,translation_goal_r_2,translation_r_0,translation_r_1,translation_r_2,ecart_q_r_0,ecart_q_r_1,ecart_q_r_2,ecart_q_r_3,ecart_q_r_4,ecart_q_r_5,ecart_q_r_6,Ecart_pos_r,Ecart_rot_r
0,-0.118300549685955,0.8891770243644714,0.3297393918037415,-0.7641962170600891,-0.2493727803230286,-0.5427863001823425,0.5011201500892639,0.4,0.5,-0.3,0.4000000909396212,0.4999997403294541,-0.2999999418747554,0.0,0.0,0.0,0.0,0.0,0.0,0.0,2.8120695427393266e-07,7.246521704473707e-05,0,-0.118300549685955,-0.8891770243644714,-0.3297393918037415,-0.7641962170600891,0.2493727803230286,-0.5427863001823425,-0.5011201500892639,0.4,-0.5,-0.3,0.4000000993227536,-0.5000000346593952,-0.2999996775262862,0.0,0.0,0.0,0.0,0.0,0.0,0.0,3.391984361768772e-07,6.151911611596006e-05
1,-0.118300549685955,0.8891770243644714,0.3297393918037415,-0.7641962170600891,-0.2493727803230286,-0.5427863001823425,0.5011201500892639,0.4,0.4902,-0.3,0.4000000821190214,0.490199745598859,-0.2999999397669127,0.0267008990049362,0.0177403092384338,0.0083748996257781,0.0519260168075562,0.0210627317428588,0.0290380716323852,0.008955955505371,2.7402828139265137e-07,7.196050813718102e-05,1,-0.118300549685955,-0.8891770243644714,-0.3297393918037415,-0.7641962170600891,0.2493727803230286,-0.5427863001823425,-0.5011201500892639,0.4,-0.4902,-0.3,0.4000000951594504,-0.4902000246942618,-0.2999996803523686,0.0267008990049362,0.0177403092384338,0.0083748996257781,0.0519260168075562,0.0210627317428588,0.0290380716323852,0.008955955505371,3.3442448446354493e-07,6.222598477734209e-05
2,-0.0915996506810188,0.8714367151260376,0.3381142914295196,-0.8161222338676454,-0.2283100485801697,-0.5137482285499573,0.510076105594635,0.4,0.4804,-0.3,0.4000000771977505,0.4803997402919428,-0.2999999397604859,0.0228137150406837,0.0170290470123291,0.0046135187149047,0.047893702983856,0.0203373283147811,0.0275067090988159,0.0072096586227416,2.7755461930561094e-07,7.222339695545088e-05,2,-0.0915996506810188,-0.8714367151260376,-0.3381142914295196,-0.8161222338676454,0.2283100485801697,-0.5137482285499573,-0.510076105594635,0.4,-0.4804,-0.3,0.4000000938121656,-0.4804000057777963,-0.2999996859067249,0.0228137150406837,0.0170290470123291,0.0046135187149047,0.047893702983856,0.0203373283147811,0.0275067090988159,0.0072096586227416,3.278546793608172e-07,5.998329527301394e-05
3,-0.068785935640335,0.8544076681137085,0.3427278101444244,-0.8640159368515015,-0.2079727202653885,-0.4862415194511413,0.5172857642173767,0.4,0.4706,-0.3,0.400000073072863,0.4705997412647283,-0.2999999312644812,0.0196123197674751,0.0163501501083374,0.0014741420745849,0.0444562435150146,0.0198025405406952,0.0262224376201629,0.0057048797607421,2.775034335841635e-07,7.236455684278553e-05,3,-0.068785935640335,-0.8544076681137085,-0.3427278101444244,-0.8640159368515015,0.2079727202653885,-0.4862415194511413,-0.5172857642173767,0.4,-0.4706,-0.3,0.4000000923925607,-0.4705999945598443,-0.2999996834724042,0.0196123197674751,0.0163501501083374,0.0014741420745849,0.0444562435150146,0.0198025405406952,0.0262224376201629,0.0057048797607421,3.297812903608213e-07,5.944619346109903e-05
4,-0.0491736158728599,0.8380575180053711,0.3442019522190094,-0.908472180366516,-0.1881701797246933,-0.4600190818309784,0.5229906439781189,0.4,0.4608,-0.3,0.4000000685838717,0.4607997483219276,-0.2999999234817621,0.0169158540666103,0.0157039165496825,0.0012036561965941,0.0414593815803528,0.0194110572338103,0.0251192152500152,0.0043803453445434,2.718467220311466e-07,7.089920597991295e-05,4,-0.0491736158728599,-0.8380575180053711,-0.3442019522190094,-0.908472180366516,0.1881701797246933,-0.4600190818309784,-0.5229906439781189,0.4,-0.4608,-0.3,0.4000000899016386,-0.4607999906826727,-0.2999996821642216,0.0169158540666103,0.0157039165496825,0.0012036561965941,0.0414593815803528,0.0194110572338103,0.0251192152500152,0.0043803453445434,3.3043713354203493e-07,6.106720076104466e-05
5,-0.0322577618062496,0.8223536014556886,0.3429982960224152,-0.949931561946869,-0.1687591224908829,-0.4348998665809631,0.5273709893226624,0.4,0.451,-0.3,0.4000000620824577,0.4509997474724554,-0.2999999259458435,0.0146006196737289,0.0150897502899171,0.0035293996334076,0.0387983322143553,0.0191306173801422,0.0241521000862121,0.0031947493553161,2.703856697800158e-07,7.15541779072737e-05,5,-0.0322577618062496,-0.8223536014556886,-0.3429982960224152,-0.949931561946869,0.1687591224908829,-0.4348998665809631,-0.5273709893226624,0.4,-0.451,-0.3,0.4000000848161965,-0.4509999800250145,-0.2999996914524573,0.0146006196737289,0.0150897502899171,0.0035293996334076,0.0387983322143553,0.0191306173801422,0.0241521000862121,0.0031947493553161,3.2061561616562146e-07,5.835716183355544e-05
6,-0.0176571421325206,0.8072638511657715,0.3394688963890075,-0.9887298941612244,-0.1496285051107406,-0.410747766494751,0.5305657386779785,0.4,0.4412,-0.3,0.4000000582201122,0.4411997602796284,-0.2999999115573611,0.0125789088197052,0.0145066380500793,0.0055805146694182,0.0363989472389221,0.0189384073019027,0.023289144039154,0.0021188855171203,2.620639967029145e-07,6.957076595881517e-05,6,-0.0176571421325206,-0.8072638511657715,-0.3394688963890075,-0.9887298941612244,0.1496285051107406,-0.410747766494751,-0.5305657386779785,0.4,-0.4412,-0.3,0.4000000818871397,-0.4411999840444176,-0.2999996841912026,0.0125789088197052,0.0145066380500793,0.0055805146694182,0.0363989472389221,0.0189384073019027,0.023289144039154,0.0021188855171203,3.266424356569066e-07,6.128168132590872e-05
7,-0.0050782333128154,0.7927572131156921,0.3338883817195893,-1.0251288414001465,-0.1306900978088379,-0.3874586224555969,0.5326846241950989,0.4,0.4314,-0.3,0.4000000543890499,0.4313997723025576,-0.2999999019033005,0.0107867424376308,0.0139538049697874,0.0074132084846496,0.0342071056365966,0.0188175961375236,0.0225070118904113,0.0011321902275085,2.538252478516049e-07,6.881224913968254e-05,7,-0.0050782333128154,-0.7927572131156921,-0.3338883817195893,-1.0251288414001465,0.1306900978088379,-0.3874586224555969,-0.5326846241950989,0.4,-0.4314,-0.3,0.400000078587526,-0.4313999882131164,-0.2999996819325726,0.0107867424376308,0.0139538049697874,0.0074132084846496,0.0342071056365966,0.0188175961375236,0.0225070118904113,0.0011321902275085,3.278441981252494e-07,6.0660001736323466e-05
8,0.0057085091248154,0.7788034081459047,0.3264751732349396,-1.0593359470367432,-0.1118725016713142,-0.3649516105651855,0.5338168144226074,0.4,0.4216,-0.3,0.4000000479843889,0.4215997740163534,-0.2999999107540869,0.0091763380914926,0.0134305357933044,0.0090691149234772,0.0321822166442871,0.0187554508447646,0.0217880010604858,0.0002191662788391,2.47660943838894e-07,6.847243349739074e-05,8,0.0057085091248154,-0.7788034081459047,-0.3264751732349396,-1.0593359470367432,0.1118725016713142,-0.3649516105651855,-0.5338168144226074,0.4,-0.4216,-0.3,0.4000000723796186,-0.4215999829341055,-0.2999996984202847,0.0091763380914926,0.0134305357933044,0.0090691149234772,0.0321822166442871,0.0187554508447646,0.0217880010604858,0.0002191662788391,3.1061290802718337e-07,5.820707889370169e-05
9,0.0148848472163081,0.7653728723526002,0.3174060583114624,-1.0915181636810305,-0.0931170508265495,-0.3431636095046997,0.5340359807014465,0.4,0.4118,-0.3,0.4000000409019211,0.4117997769226074,-0.2999999120338451,0.007711331360042,0.0129363536834717,0.0105794966220855,0.0302932262420654,0.0187420025467872,0.0211184918880462,0.0006315112113952,2.432581645472264e-07,6.817370535827649e-05,9,0.0148848472163081,-0.7653728723526002,-0.3174060583114624,-1.0915181636810305,0.0931170508265495,-0.3431636095046997,-0.5340359807014465,0.4,-0.4118,-0.3,0.4000000652160945,-0.411799979648507,-0.2999997075575958,0.007711331360042,0.0129363536834717,0.0105794966220855,0.0302932262420654,0.0187420025467872,0.0211184918880462,0.0006315112113952,3.003163032218732e-07,5.783016740679159e-05
10,0.0225961785763502,0.7524365186691284,0.3068265616893768,-1.1218113899230957,-0.0743750482797622,-0.3220451176166535,0.5334044694900513,0.4,0.402,-0.3,0.4000000435826557,0.4019997696364998,-0.2999998914370194,0.0063636247068643,0.0124709606170653,0.0119684338569641,0.0285158157348635,0.0187692232429981,0.0204877853393555,0.0014283657073974,2.5836545989169604e-07,6.940292308854623e-05,10,0.0225961785763502,-0.7524365186691284,-0.3068265616893768,-1.1218113899230957,0.0743750482797622,-0.3220451176166535,-0.5334044694900513,0.4,-0.402,-0.3,0.40000006758713,-0.4019999669203941,-0.2999996950223395,0.0063636247068643,0.0124709606170653,0.0119684338569641,0.0285158157348635,0.0187692232429981,0.0204877853393555,0.0014283657073974,3.141236282908825e-07,5.900311009554571e-05
11,0.0289598032832145,0.7399655580520631,0.2948581278324127,-1.1503272056579592,-0.0556058250367641,-0.301557332277298,0.5319761037826538,0.4,0.3922,-0.3,0.400000041454959,0.3921997677810619,-0.2999998785999205,0.0051112435758113,0.0120345354080201,0.013254165649414,0.0268305540084836,0.0188305340707302,0.0198871791362762,0.0021778345108032,2.652963024928326e-07,7.042468251938772e-05,11,0.0289598032832145,-0.7399655580520631,-0.2948581278324127,-1.1503272056579592,0.0556058250367641,-0.301557332277298,-0.5319761037826538,0.4,-0.3922,-0.3,0.4000000649643409,-0.392199960329203,-0.2999996904371931,0.0051112435758113,0.0120345354080201,0.013254165649414,0.0268305540084836,0.0188305340707302,0.0198871791362762,0.0021778345108032,3.187840477876811e-07,5.927427685037401e-05
12,0.0340710468590259,0.727931022644043,0.2816039621829986,-1.1771577596664429,-0.0367752909660339,-0.2816701531410217,0.5297982692718506,0.4,0.3824,-0.3,0.4000000355924661,0.3823997691950904,-0.2999998817793755,0.0039368532598018,0.0116272568702697,0.0144510269165039,0.0252219438552856,0.0189203433692455,0.0193096995353698,0.0028847455978393,2.617514966322111e-07,7.15949147434003e-05,12,0.0340710468590259,-0.727931022644043,-0.2816039621829986,-1.1771577596664429,0.0367752909660339,-0.2816701531410217,-0.5297982692718506,0.4,-0.3824,-0.3,0.4000000584600878,-0.3823999576761341,-0.2999997020475275,0.0039368532598018,0.0116272568702697,0.0144510269165039,0.0252219438552856,0.0189203433692455,0.0193096995353698,0.0028847455978393,3.065690254195387e-07,5.724741703261316e-05
13,0.0380079001188278,0.7163037657737732,0.2671529352664947,-1.2023797035217283,-0.0178549475967884,-0.2623604536056518,0.5269135236740112,0.4,0.3726,-0.3,0.4000000284576591,0.3725997879149947,-0.2999998900108997,0.0028267167508602,0.0112496018409729,0.0155699551105499,0.0236773490905761,0.0190338212996721,0.0187496244907378,0.0035527348518371,2.405981919696368e-07,6.931884922778409e-05,13,0.0380079001188278,-0.7163037657737732,-0.2671529352664947,-1.2023797035217283,0.0178549475967884,-0.2623604536056518,-0.5269135236740112,0.4,-0.3726,-0.3,0.4000000505720605,-0.3725999729647825,-0.2999997188788519,0.0028267167508602,0.0112496018409729,0.0155699551105499,0.0236773490905761,0.0190338212996721,0.0187496244907378,0.0035527348518371,2.8691032778402305e-07,5.569850708297963e-05
14,0.040834616869688,0.7050541639328003,0.2515829801559448,-1.226057052612305,0.0011788737028837,-0.2436108291149139,0.5233607888221741,0.4,0.3628,-0.3,0.4000000275739396,0.362799794030123,-0.2999998825566776,0.0017699189484119,0.0109022259712219,0.0166195333003997,0.0221863985061645,0.0191666912287473,0.0182021111249924,0.0041843652725219,2.386982328095784e-07,6.750753180995162e-05,14,0.040834616869688,-0.7050541639328003,-0.2515829801559448,-1.226057052612305,-0.0011788737028837,-0.2436108291149139,-0.5233607888221741,0.4,-0.3628,-0.3,0.4000000488561523,-0.362799976255493,-0.2999997201843589,0.0017699189484119,0.0109022259712219,0.0166195333003997,0.0221863985061645,0.0191666912287473,0.0182021111249924,0.0041843652725219,2.850395029490044e-07,5.775448994427279e-05
15,0.0426045358180999,0.6941519379615784,0.234963446855545,-1.2482434511184692,0.020345564931631,-0.2254087179899215,0.5191764235496521,0.4,0.353,-0.3,0.4000000313620886,0.3529997954854121,-0.2999998483872044,0.0007578320801258,0.0105859637260437,0.0176061391830444,0.0207403898239137,0.0193150900304317,0.0176632404327392,0.0047812461853027,2.565077719033889e-07,6.952884319844088e-05,15,0.0426045358180999,-0.6941519379615784,-0.234963446855545,-1.2482434511184692,-0.020345564931631,-0.2254087179899215,-0.5191764235496521,0.4,-0.353,-0.3,0.400000051763475,-0.3529999754671983,-0.2999996949260715,0.0007578320801258,0.0105859637260437,0.0176061391830444,0.0207403898239137,0.0193150900304317,0.0176632404327392,0.0047812461853027,3.104052472474765e-07,5.9885998666686646e-05
16,0.0433623678982257,0.6835659742355347,0.2173573076725006,-1.268983840942383,0.0396606549620628,-0.2077454775571823,0.5143951773643494,0.4,0.3432,-0.3,0.4000000245029934,0.343199779066851,-0.2999998538543075,0.0002163387835025,0.0103018283843994,0.0185347199440002,0.0193319320678708,0.0194754600524902,0.0171296596527099,0.0053446888923645,2.660270971725024e-07,7.240483773784945e-05,16,0.0433623678982257,-0.6835659742355347,-0.2173573076725006,-1.268983840942383,-0.0396606549620628,-0.2077454775571823,-0.5143951773643494,0.4,-0.3432,-0.3,0.4000000440035537,-0.3431999573622725,-0.2999997094475444,0.0002163387835025,0.0103018283843994,0.0185347199440002,0.0193319320678708,0.0194754600524902,0.0171296596527099,0.0053446888923645,2.969427856681977e-07,5.658142885067719e-05
17,0.0431460291147232,0.6732641458511353,0.1988225877285004,-1.288315773010254,0.059136115014553,-0.1906158179044723,0.5090504884719849,0.4,0.3334,-0.3,0.4000000218768224,0.3333997947458985,-0.299999857515634,0.001157846301794,0.0100505948066711,0.0194087773561477,0.0179550647735595,0.0196444913744926,0.0165986567735672,0.005875289440155,2.50817934137497e-07,6.933987725687984e-05,17,0.0431460291147232,-0.6732641458511353,-0.1988225877285004,-1.288315773010254,-0.059136115014553,-0.1906158179044723,-0.5090504884719849,0.4,-0.3334,-0.3,0.4000000404837608,-0.3333999718901745,-0.2999997222980402,0.001157846301794,0.0100505948066711,0.0194087773561477,0.0179550647735595,0.0196444913744926,0.0165986567735672,0.005875289440155,2.820416204550975e-07,5.734919028554941e-05
18,0.0419881828129291,0.6632135510444641,0.1794138103723526,-1.3062708377838137,0.0787806063890457,-0.1740171611309051,0.5031751990318298,0.4,0.3236,-0.3,0.4000000181923162,0.3235997896944169,-0.2999998503814142,0.0020706355571746,0.0098335742950439,0.0202308297157287,0.0166047811508178,0.0198190212249755,0.0160679817199707,0.0063730180263519,2.587375501508676e-07,7.089920597991295e-05,18,0.0419881828129291,-0.6632135510444641,-0.1794138103723526,-1.3062708377838137,-0.0787806063890457,-0.1740171611309051,-0.5031751990318298,0.4,-0.3236,-0.3,0.4000000359388541,-0.3235999662019621,-0.2999997244792144,0.0020706355571746,0.0098335742950439,0.0202308297157287,0.0166047811508178,0.0198190212249755,0.0160679817199707,0.0063730180263519,2.799028614578972e-07,5.621955216383867e-05
19,0.0399175472557544,0.6533799767494202,0.1591829806566238,-1.3228756189346311,0.0985996276140213,-0.1579491794109344,0.4968021810054779,0.4,0.3137999999999999,-0.3,0.4000000177142755,0.3137997903764258,-0.2999998338750615,0.0029575899243354,0.0096516609191894,0.0210024863481521,0.015276551246643,0.0199960693717003,0.0155357867479324,0.0068378150463103,2.680547212066923e-07,7.220320867418195e-05,19,0.0399175472557544,-0.6533799767494202,-0.1591829806566238,-1.3228756189346311,-0.0985996276140213,-0.1579491794109344,-0.4968021810054779,0.4,-0.3137999999999999,-0.3,0.4000000346585863,-0.3137999667416748,-0.2999997174053193,0.0029575899243354,0.0096516609191894,0.0210024863481521,0.015276551246643,0.0199960693717003,0.0155357867479324,0.0068378150463103,2.866480199846506e-07,5.671011098229428e-05
20,0.036959957331419,0.6437283158302307,0.1381804943084716,-1.3381521701812744,0.1185956969857216,-0.142413392663002,0.4899643659591675,0.4,0.304,-0.3,0.4000000146714618,0.303999800693828,-0.2999998389889042,0.0038206316530704,0.0095059871673583,0.0217246189713478,0.013966679573059,0.0201727375388145,0.015000656247139,0.0072691440582275,2.566374386579456e-07,7.040397844093604e-05,20,0.036959957331419,-0.6437283158302307,-0.1381804943084716,-1.3381521701812744,-0.1185956969857216,-0.142413392663002,-0.4899643659591675,0.4,-0.304,-0.3,0.4000000308956702,-0.3039999773916617,-0.2999997320588747,0.0038206316530704,0.0095059871673583,0.0217246189713478,0.013966679573059,0.0201727375388145,0.015000656247139,0.0072691440582275,2.706623838312188e-07,5.590750788542209e-05
21,0.0331393256783485,0.6342223286628723,0.1164558753371238,-1.3521188497543335,0.1387684345245361,-0.127412736415863,0.4826952219009399,0.4,0.2942,-0.3,0.4000000140475457,0.2941998093571975,-0.299999832429148,0.0046609062701463,0.0093975067138671,0.0223975032567977,0.0126721858978271,0.0203462839126586,0.0144614949822425,0.0076662003993988,2.542085799323148e-07,6.952884319844088e-05,21,0.0331393256783485,-0.6342223286628723,-0.1164558753371238,-1.3521188497543335,-0.1387684345245361,-0.127412736415863,-0.4826952219009399,0.4,-0.2942,-0.3,0.4000000296567065,-0.2941999868429781,-0.2999997351355089,0.0046609062701463,0.0093975067138671,0.0223975032567977,0.0126721858978271,0.0203462839126586,0.0144614949822425,0.0076662003993988,2.668441981638058e-07,5.691539706731419e-05
22,0.0284784194082021,0.6248248219490051,0.094058372080326,-1.3647910356521606,0.1591147184371948,-0.1129512414336204,0.4750290215015411,0.4,0.2844,-0.3,0.400000008014067,0.2843997931706913,-0.2999998306822171,0.0054788570851087,0.0093271732330322,0.0230209454894065,0.0113903284072875,0.020513966679573,0.0139175727963447,0.0080280900001525,2.6741559379798534e-07,7.228392780689319e-05,22,0.0284784194082021,-0.6248248219490051,-0.094058372080326,-1.3647910356521606,-0.1591147184371948,-0.1129512414336204,-0.4750290215015411,0.4,-0.2844,-0.3,0.4000000231351339,-0.2843999718801698,-0.2999997431101557,0.0054788570851087,0.0093271732330322,0.0230209454894065,0.0113903284072875,0.020513966679573,0.0139175727963447,0.0080280900001525,2.594578026737629e-07,5.472149604202059e-05
23,0.0229995623230934,0.6154976487159729,0.0710374265909195,-1.3761813640594482,0.1796286851167678,-0.0990336686372757,0.4670009315013886,0.4,0.2745999999999999,-0.3,0.4000000110079225,0.2745997994198431,-0.2999997975817,0.0062743704766035,0.0092954635620117,0.02359439432621,0.0101188421249389,0.020673245191574,0.0133684128522872,0.0083537697792053,2.851784386062526e-07,7.391924697230934e-05,23,0.0229995623230934,-0.6154976487159729,-0.0710374265909195,-1.3761813640594482,-0.1796286851167678,-0.0990336686372757,-0.4670009315013886,0.4,-0.2745999999999999,-0.3,0.4000000257886117,-0.2745999797688084,-0.2999997198038749,0.0062743704766035,0.0092954635620117,0.02359439432621,0.0101188421249389,0.020673245191574,0.0133684128522872,0.0083537697792053,2.8210675653606324e-07,5.772924208713448e-05
24,0.0167251918464899,0.6062021851539612,0.0474430322647094,-1.3863002061843872,0.2003019303083419,-0.0856652557849884,0.4586471617221832,0.4,0.2648,-0.3,0.4000000070268075,0.264799797855245,-0.2999997988811633,0.0070468438789248,0.0093032717704772,0.0241170153021812,0.0088557004928588,0.0208216458559036,0.0128138661384582,0.0086420774459838,2.852379084989871e-07,7.389952202174754e-05,24,0.0167251918464899,-0.6062021851539612,-0.0474430322647094,-1.3863002061843872,-0.2003019303083419,-0.0856652557849884,-0.4586471617221832,0.4,-0.2648,-0.3,0.4000000216343709,-0.2647999802391391,-0.2999997309566951,0.0070468438789248,0.0093032717704772,0.0241170153021812,0.0088557004928588,0.0208216458559036,0.0128138661384582,0.0086420774459838,2.7063413959771384e-07,5.67615020941048e-05
25,0.009678347967565,0.5968989133834839,0.0233260169625282,-1.395155906677246,0.2211235761642456,-0.0728513896465301,0.4500050842761993,0.4,0.255,-0.3,0.400000002194043,0.2549998094314155,-0.299999826682613,0.007795293116942,0.0093507170677183,0.0245877718552947,0.0075993537902834,0.0209567844867706,0.012253999710083,0.0088917911052703,2.576045726469244e-07,7.139099824371442e-05,25,0.009678347967565,-0.5968989133834839,-0.0233260169625282,-1.395155906677246,-0.2211235761642456,-0.0728513896465301,-0.4500050842761993,0.4,-0.255,-0.3,0.4000000168138904,-0.254999994224734,-0.2999997686559945,0.007795293116942,0.0093507170677183,0.0245877718552947,0.0075993537902834,0.0209567844867706,0.012253999710083,0.0088917911052703,2.320260965748775e-07,5.3400112051349424e-05
26,0.001883054850623,0.5875481963157655,-0.0012617548927664,-1.4027552604675295,0.2420803606510162,-0.0605973899364471,0.4411132931709289,0.4,0.2451999999999999,-0.3,0.4000000010262042,0.2451998113297731,-0.2999998144576988,0.0085184404160827,0.0094379782676697,0.0250055333599448,0.0063486099243161,0.0210764706134796,0.0116891376674175,0.009101778268814,2.646194496219803e-07,7.15541779072737e-05,26,0.001883054850623,-0.5875481963157655,0.0012617548927664,-1.4027552604675295,-0.2420803606510162,-0.0605973899364471,-0.4411132931709289,0.4,-0.2451999999999999,-0.3,0.4000000158603702,-0.2451999988854144,-0.2999997663577706,0.0085184404160827,0.0094379782676697,0.0250055333599448,0.0063486099243161,0.0210764706134796,0.0116891376674175,0.009101778268814,2.3418258902144507e-07,5.45346872513619e-05
27,-0.0066353855654597,0.5781102180480957,-0.0262672882527113,-1.4091038703918457,0.2631568312644958,-0.0489082522690296,0.4320115149021149,0.4,0.2354,-0.3,0.3999999977020804,0.2353997940719657,-0.2999997908578072,0.0092148026451468,0.009564995765686,0.0253691468387842,0.0051020383834838,0.0211785733699799,0.0111198239028453,0.009270817041397,2.9351676704034044e-07,7.582740545331035e-05,27,-0.0066353855654597,-0.5781102180480957,0.0262672882527113,-1.4091038703918457,-0.2631568312644958,-0.0489082522690296,-0.4320115149021149,0.4,-0.2354,-0.3,0.4000000129675831,-0.235399984720797,-0.2999997526967023,0.0092148026451468,0.009564995765686,0.0253691468387842,0.0051020383834838,0.0211785733699799,0.0111198239028453,0.009270817041397,2.481139522368459e-07,5.442765143470752e-05
28,-0.0158501882106065,0.5685452222824097,-0.0516364350914955,-1.4142059087753296,0.2843354046344757,-0.0377884283661842,0.4227406978607178,0.4,0.2255999999999999,-0.3,0.3999999986103231,0.2255998058492108,-0.2999997772645749,0.009882777929306,0.0097312331199646,0.0256774947047233,0.0038585662841796,0.0212612450122832,0.0105467904359102,0.0093978643417358,2.954784758664055e-07,7.513208089449108e-05,28,-0.0158501882106065,-0.5685452222824097,0.0516364350914955,-1.4142059087753296,-0.2843354046344757,-0.0377884283661842,-0.4227406978607178,0.4,-0.2255999999999999,-0.3,0.4000000145373455,-0.2255999998996087,-0.2999997490367008,0.009882777929306,0.0097312331199646,0.0256774947047233,0.0038585662841796,0.0212612450122832,0.0105467904359102,0.0093978643417358,2.513840130918549e-07,5.608974470305839e-05
29,-0.0257329661399126,0.5588139891624451,-0.0773139297962188,-1.4180644750595093,0.305596649646759,-0.027241637930274,0.4133428335189819,0.4,0.2158,-0.3,0.3999999963865303,0.2157998034646892,-0.2999997624287578,0.0105207283049821,0.0099362134933471,0.0259296000003814,0.0026174783706665,0.0213227272033691,0.0099709257483482,0.0094819068908691,3.083492835866598e-07,7.632564495452243e-05,29,-0.0257329661399126,-0.5588139891624451,0.0773139297962188,-1.4180644750595093,-0.305596649646759,-0.027241637930274,-0.4133428335189819,0.4,-0.2158,-0.3,0.4000000132164757,-0.2158000012021212,-0.2999997441100239,0.0105207283049821,0.0099362134933471,0.0259296000003814,0.0026174783706665,0.0213227272033691,0.0099709257483482,0.0094819068908691,2.5623387791642664e-07,5.6941005823318847e-05
30,-0.0362536944448947,0.5488777756690979,-0.1032435297966003,-1.4206819534301758,0.3269193768501282,-0.0172707121819257,0.4038609266281128,0.4,0.206,-0.3,0.3999999912053723,0.2059997983111325,-0.2999997725302362,0.0111270658671855,0.0101789236068725,0.0261246263980865,0.0013778209686279,0.0213615000247955,0.0093932664021849,0.0095220804214477,3.04135230107532e-07,7.666868327760312e-05,30,-0.0362536944448947,-0.5488777756690979,0.1032435297966003,-1.4206819534301758,-0.3269193768501282,-0.0172707121819257,-0.4038609266281128,0.4,-0.206,-0.3,0.4000000091888127,-0.2059999999980266,-0.2999997640772591,0.0111270658671855,0.0101789236068725,0.0261246263980865,0.0013778209686279,0.0213615000247955,0.0093932664021849,0.0095220804214477,2.361016178578683e-07,5.456141337845111e-05
31,-0.0473807603120803,0.5386988520622253,-0.1293681561946869,-1.4220597743988037,0.3482808768749237,-0.0078774457797408,0.394338846206665,0.4,0.1961999999999999,-0.3,0.3999999913941092,0.196199813562462,-0.2999997762876548,0.0117003247141838,0.0104580521583557,0.0262620151042938,0.0001389980316162,0.0213762819766998,0.0088149545481428,0.0095176994800567,2.9134211896067657e-07,7.48014864484503e-05,31,-0.0473807603120803,-0.5386988520622253,0.1293681561946869,-1.4220597743988037,-0.3482808768749237,-0.0078774457797408,-0.394338846206665,0.4,-0.1961999999999999,-0.3,0.4000000107886339,-0.1962000194381551,-0.2999997776371896,0.0117003247141838,0.0104580521583557,0.0262620151042938,0.0001389980316162,0.0213762819766998,0.0088149545481428,0.0095176994800567,2.2347137610993642e-07,5.469484813147574e-05
32,-0.0590810850262641,0.5282407999038696,-0.1556301712989807,-1.42219877243042,0.3696571588516235,0.000937508768402,0.3848211467266083,0.4,0.1864,-0.3,0.3999999867299481,0.1863997999927535,-0.2999997730569745,0.0122392326593399,0.0107724070549011,0.0263414680957794,0.0010997056961059,0.021366000175476,0.0082372153410688,0.0094682276248931,3.027905707370543e-07,7.661161691885354e-05,32,-0.0590810850262641,-0.5282407999038696,0.1556301712989807,-1.42219877243042,-0.3696571588516235,0.000937508768402,-0.3848211467266083,0.4,-0.1864,-0.3,0.4000000077979713,-0.1864000102737322,-0.2999997841255565,0.0122392326593399,0.0107724070549011,0.0263414680957794,0.0010997056961059,0.021366000175476,0.0082372153410688,0.0094682276248931,2.1625941200399235e-07,5.3290797438876325e-05
33,-0.0713203176856041,0.5174683928489685,-0.1819716393947601,-1.421099066734314,0.3910231590270996,0.0091747241094708,0.3753529191017151,0.4,0.1765999999999999,-0.3,0.3999999841780187,0.1765997953720657,-0.2999997456134348,0.0127427652478218,0.0111200809478759,0.0263630002737045,0.0023390054702758,0.0213298499584198,0.00766131747514,0.0093732476234436,3.268569275712176e-07,8.02365552772244e-05,33,-0.0713203176856041,-0.5174683928489685,0.1819716393947601,-1.421099066734314,-0.3910231590270996,0.0091747241094708,-0.3753529191017151,0.4,-0.1765999999999999,-0.3,0.4000000071845572,-0.1766000102524499,-0.2999997662971183,0.0127427652478218,0.0111200809478759,0.0263630002737045,0.0023390054702758,0.0213298499584198,0.00766131747514,0.0093732476234436,2.340379616940667e-07,5.43740545140281e-05
34,-0.0840630829334259,0.5063483119010925,-0.2083346396684646,-1.418760061264038,0.4123530089855194,0.0168360415846109,0.3659796714782715,0.4,0.1668,-0.3,0.3999999837546421,0.1667998110174102,-0.2999997678831234,0.0132102370262146,0.0114993751049041,0.0263270139694213,0.0035798549652099,0.0212672352790832,0.0070885457098484,0.0092326998710631,2.99760863516699e-07,7.64782963642574e-05,34,-0.0840630829334259,-0.5063483119010925,0.2083346396684646,-1.418760061264038,-0.4123530089855194,0.0168360415846109,-0.3659796714782715,0.4,-0.1668,-0.3,0.4000000089651411,-0.1668000306697981,-0.2999997980574618,0.0132102370262146,0.0114993751049041,0.0263270139694213,0.0035798549652099,0.0212672352790832,0.0070885457098484,0.0092326998710631,2.044548825127943e-07,5.3454685485121445e-05
35,-0.0972733199596405,0.4948489367961884,-0.234661653637886,-1.415180206298828,0.4336202442646026,0.0239245872944593,0.3567469716072083,0.4,0.157,-0.3,0.3999999779964887,0.1569998030327985,-0.2999997718857121,0.013641282916069,0.0119082927703857,0.0262342542409896,0.0048226118087766,0.0211778581142425,0.0065201725810766,0.0090464949607849,3.0218597141327895e-07,7.761361274560841e-05,35,-0.0972733199596405,-0.4948489367961884,0.234661653637886,-1.415180206298828,-0.4336202442646026,0.0239245872944593,-0.3567469716072083,0.4,-0.157,-0.3,0.4000000056746622,-0.1570000276090807,-0.2999998114060783,0.013641282916069,0.0119082927703857,0.0262342542409896,0.0048226118087766,0.0211778581142425,0.0065201725810766,0.0090464949607849,1.9068856917054105e-07,5.184873936059376e-05
36,-0.1109146028757095,0.4829406440258026,-0.2608959078788757,-1.4103575944900515,0.4547981023788452,0.0304447598755359,0.3477004766464233,0.4,0.1472,-0.3,0.3999999792703124,0.1471998032604471,-0.2999997400572913,0.0140359625220298,0.0123446583747863,0.026085764169693,0.0060683488845827,0.0210616588592529,0.0059574171900749,0.0088149011135101,3.2665943025627854e-07,8.012746405938742e-05,36,-0.1109146028757095,-0.4829406440258026,0.2608959078788757,-1.4103575944900515,-0.4547981023788452,0.0304447598755359,-0.3477004766464233,0.4,-0.1472,-0.3,0.4000000096761009,-0.1472000328931503,-0.2999997887592008,0.0140359625220298,0.0123446583747863,0.026085764169693,0.0060683488845827,0.0210616588592529,0.0059574171900749,0.0088149011135101,2.140052838391657e-07,5.43740545140281e-05
37,-0.1249505653977394,0.4705959856510163,-0.2869816720485688,-1.4042892456054688,0.4758597612380981,0.0364021770656108,0.3388855755329132,0.4,0.1374,-0.3,0.3999999780338529,0.1373998125610655,-0.2999997505323242,0.0143947079777717,0.0128063559532166,0.0258831381797789,0.0073182582855222,0.0209187865257263,0.0054014176130294,0.0085382759571075,3.128098257040897e-07,7.7331346290066e-05,37,-0.1249505653977394,-0.4705959856510163,0.2869816720485688,-1.4042892456054688,-0.4758597612380981,0.0364021770656108,-0.3388855755329132,0.4,-0.1374,-0.3,0.4000000114215583,-0.137400047364964,-0.2999998082320806,0.0143947079777717,0.0128063559532166,0.0258831381797789,0.0073182582855222,0.0209187865257263,0.0054014176130294,0.0085382759571075,1.9786062440014282e-07,5.43740545140281e-05
38,-0.1393452733755111,0.4577896296977997,-0.3128648102283478,-1.3969709873199463,0.4967785477638244,0.0418035946786403,0.3303472995758056,0.4,0.1276,-0.3,0.3999999712808717,0.1275998034203369,-0.299999758254635,0.0147184133529663,0.0132912695407866,0.0256281197071075,0.0085731744766237,0.0207496881484985,0.0048532113432884,0.0082170367240905,3.12904416323842e-07,7.928611154284226e-05,38,-0.1393452733755111,-0.4577896296977997,0.3128648102283478,-1.3969709873199463,-0.4967785477638244,0.0418035946786403,-0.3303472995758056,0.4,-0.1276,-0.3,0.4000000078973874,-0.1276000434940373,-0.2999998247501986,0.0147184133529663,0.0132912695407866,0.0256281197071075,0.0085731744766237,0.0207496881484985,0.0048532113432884,0.0082170367240905,1.8073901875537443e-07,5.151022378413472e-05
39,-0.1540636867284774,0.444498360157013,-0.3384929299354553,-1.3883978128433228,0.517528235912323,0.0466568060219287,0.3221302628517151,0.4,0.1178,-0.3,0.3999999703748911,0.1177997980755243,-0.2999997378373838,0.0150084048509597,0.0137971639633178,0.0253228545188903,0.0098345279693603,0.0205550193786621,0.004313688725233,0.0078519880771636,3.3223542599147265e-07,8.096007360336444e-05,39,-0.1540636867284774,-0.444498360157013,0.3384929299354553,-1.3883978128433228,-0.517528235912323,0.0466568060219287,-0.3221302628517151,0.4,-0.1178,-0.3,0.4000000104581622,-0.1178000435034513,-0.2999998129092785,0.0150084048509597,0.0137971639633178,0.0253228545188903,0.0098345279693603,0.0205550193786621,0.004313688725233,0.0078519880771636,1.923664770497776e-07,5.224090176625396e-05
40,-0.1690720915794372,0.4307011961936951,-0.3638157844543457,-1.3785632848739624,0.5380832552909851,0.0509704947471618,0.3142782747745514,0.4,0.1079999999999999,-0.3,0.3999999678319831,0.1079997990156362,-0.2999997172939961,0.0152663588523864,0.0143221318721771,0.0249697268009186,0.0111039876937866,0.0203356146812438,0.0037835799157619,0.0074436962604522,3.483563985260596e-07,8.275881225472403e-05,40,-0.1690720915794372,-0.4307011961936951,0.3638157844543457,-1.3785632848739624,-0.5380832552909851,0.0509704947471618,-0.3142782747745514,0.4,-0.1079999999999999,-0.3,0.4000000116096788,-0.1080000498701792,-0.2999998007064332,0.0152663588523864,0.0143221318721771,0.0249697268009186,0.0111039876937866,0.0203356146812438,0.0037835799157619,0.0074436962604522,2.057662391548911e-07,5.372672126213729e-05
41,-0.1843384504318237,0.4163790643215179,-0.3887855112552643,-1.3674592971801758,0.558418869972229,0.0547540746629238,0.3068345785140991,0.4,0.0982,-0.3,0.3999999669289065,0.098199803962905,-0.2999997274473576,0.0154944658279419,0.0148642659187316,0.0245714485645293,0.0123834609985351,0.020092487335205,0.0032634325325489,0.006992995738983,3.37356165892276e-07,8.178420711146828e-05,41,-0.1843384504318237,-0.4163790643215179,0.3887855112552643,-1.3674592971801758,-0.558418869972229,0.0547540746629238,-0.3068345785140991,0.4,-0.0982,-0.3,0.4000000146173419,-0.098200060306708,-0.2999998189494494,0.0154944658279419,0.0148642659187316,0.0245714485645293,0.0123834609985351,0.020092487335205,0.0032634325325489,0.006992995738983,1.913893089381318e-07,5.3618072570316144e-05
42,-0.1998329162597656,0.4015147984027863,-0.4133569598197937,-1.3550758361816406,0.5785113573074341,0.0580175071954727,0.299841582775116,0.4,0.0884,-0.3,0.3999999626601236,0.0883997921383686,-0.2999997156291032,0.0156952142715453,0.0154218971729278,0.0241307914257049,0.0136748552322387,0.0198267698287963,0.0027535781264305,0.0065007507801056,3.542139623309002e-07,8.375689174044965e-05,42,-0.1998329162597656,-0.4015147984027863,0.4133569598197937,-1.3550758361816406,-0.5785113573074341,0.0580175071954727,-0.299841582775116,0.4,-0.0884,-0.3,0.4000000144633861,-0.0884000540265776,-0.299999814956171,0.0156952142715453,0.0154218971729278,0.0241307914257049,0.0136748552322387,0.0198267698287963,0.0027535781264305,0.0065007507801056,1.9331135317404437e-07,5.265783499908139e-05
43,-0.215528130531311,0.3860929012298584,-0.4374877512454986,-1.341400980949402,0.5983381271362305,0.0607710853219032,0.2933408319950104,0.4,0.0786,-0.3,0.3999999622953821,0.0785998010830326,-0.2999997209046064,0.0158714950084686,0.0159936547279358,0.0236506164073944,0.0149810314178466,0.0195399522781372,0.0022541210055351,0.0059675574302673,3.447953549647017e-07,8.178420711146828e-05,43,-0.215528130531311,-0.3860929012298584,0.4374877512454986,-1.341400980949402,-0.5983381271362305,0.0607710853219032,-0.2933408319950104,0.4,-0.0786,-0.3,0.4000000184046736,-0.0786000685658607,-0.2999998277794027,0.0158714950084686,0.0159936547279358,0.0236506164073944,0.0149810314178466,0.0195399522781372,0.0022541210055351,0.0059675574302673,1.862792081750629e-07,5.394336210429174e-05
44,-0.2313996255397796,0.3700992465019226,-0.461138367652893,-1.3264199495315552,0.6178780794143677,0.0630252063274383,0.287373274564743,0.4,0.0688,-0.3,0.3999999578035801,0.0687997977489048,-0.2999997354627891,0.0160265564918518,0.0165784657001495,0.0231339931488037,0.0163048505783081,0.0192332863807678,0.0017649009823799,0.005394160747528,3.3565753277351776e-07,8.164147709521785e-05,44,-0.2313996255397796,-0.3700992465019226,0.461138367652893,-1.3264199495315552,-0.6178780794143677,0.0630252063274383,-0.287373274564743,0.4,-0.0688,-0.3,0.4000000183968676,-0.0688000708740748,-0.2999998495968708,0.0160265564918518,0.0165784657001495,0.0231339931488037,0.0163048505783081,0.0192332863807678,0.0017649009823799,0.005394160747528,1.672802452850261e-07,5.221298783908424e-05
45,-0.2474261820316314,0.353520780801773,-0.4842723608016968,-1.310115098953247,0.6371113657951355,0.0647901073098182,0.2819791138172149,0.4,0.059,-0.3,0.3999999618344708,0.0589998023450995,-0.2999997059364294,0.0161639750003814,0.017175555229187,0.022583782672882,0.01764976978302,0.0189084410667419,0.001285508275032,0.0047810673713684,3.5636701702160245e-07,8.389602288616516e-05,45,-0.2474261820316314,-0.353520780801773,0.4842723608016968,-1.310115098953247,-0.6371113657951355,0.0647901073098182,-0.2819791138172149,0.4,-0.059,-0.3,0.4000000270762575,-0.059000081160332,-0.2999998270313462,0.0161639750003814,0.017175555229187,0.022583782672882,0.01764976978302,0.0189084410667419,0.001285508275032,0.0047810673713684,1.9297222184429213e-07,5.442765143470752e-05
46,-0.2635901570320129,0.336345225572586,-0.5068561434745789,-1.292465329170227,0.6560198068618774,0.0660756155848503,0.2771980464458465,0.4,0.0491999999999999,-0.3,0.3999999605852938,0.0491997992028673,-0.29999971157149,0.016287624835968,0.0177846848964691,0.0220029950141906,0.0190203189849853,0.0185669660568237,0.000815212726593,0.0041285157203674,3.5364390691822693e-07,8.344299851614778e-05,46,-0.2635901570320129,-0.336345225572586,0.5068561434745789,-1.292465329170227,-0.6560198068618774,0.0660756155848503,-0.2771980464458465,0.4,-0.0491999999999999,-0.3,0.400000030626692,-0.0492000837585756,-0.2999998393199345,0.016287624835968,0.0177846848964691,0.0220029950141906,0.0190203189849853,0.0185669660568237,0.000815212726593,0.0041285157203674,1.837704456690088e-07,5.3427405703132536e-05
47,-0.2798777818679809,0.3185605406761169,-0.5288591384887695,-1.2734450101852417,0.6745867729187012,0.0668908283114433,0.2730695307254791,0.4,0.0394,-0.3,0.399999951066827,0.0393998051973757,-0.2999997327940165,0.0164016783237457,0.0184060037136077,0.0213941931724548,0.0204211473464963,0.0182105898857116,0.0003529861569404,0.0034364461898803,3.342776622638585e-07,8.160575561078076e-05,47,-0.2798777818679809,-0.3185605406761169,0.5288591384887695,-1.2734450101852417,-0.6745867729187012,0.0668908283114433,-0.2730695307254791,0.4,-0.0394,-0.3,0.4000000260456944,-0.0394000955490885,-0.2999998668808293,0.0164016783237457,0.0184060037136077,0.0213941931724548,0.0204211473464963,0.0182105898857116,0.0003529861569404,0.0034364461898803,1.6591781130933322e-07,5.3454685485121445e-05
48,-0.2962794601917267,0.3001545369625091,-0.5502533316612244,-1.2530238628387451,0.6927973628044128,0.0672438144683837,0.2696330845355987,0.4,0.0296,-0.3,0.3999999542921624,0.0295997948295155,-0.2999997023071638,0.0165108144283294,0.0190401971340179,0.0207599997520446,0.0218580961227417,0.0178408622741699,0.000102587044239,0.0027045607566833,3.6442442124479445e-07,8.438117538389633e-05,48,-0.2962794601917267,-0.3001545369625091,0.5502533316612244,-1.2530238628387451,-0.6927973628044128,0.0672438144683837,-0.2696330845355987,0.4,-0.0296,-0.3,0.4000000343335194,-0.0296000910404439,-0.2999998424102159,0.0165108144283294,0.0190401971340179,0.0207599997520446,0.0218580961227417,0.0178408622741699,0.000102587044239,0.0027045607566833,1.85207162465026e-07,5.485454153131286e-05
49,-0.3127902746200561,0.2811143398284912,-0.571013331413269,-1.2311657667160036,0.7106382250785828,0.0671412274241447,0.2669285237789154,0.4,0.0198,-0.3,0.3999999483303618,0.0197997817194747,-0.2999996877018893,0.0166197717189788,0.019688606262207,0.0201025605201721,0.0233383178710939,0.0174595713615418,0.0005532726645469,0.0019318163394927,3.845078011701145e-07,8.78682002394271e-05,49,-0.3127902746200561,-0.2811143398284912,0.571013331413269,-1.2311657667160036,-0.7106382250785828,0.0671412274241447,-0.2669285237789154,0.4,-0.0198,-0.3,0.4000000335468379,-0.0198000838631794,-0.2999998334926624,0.0166197717189788,0.019688606262207,0.0201025605201721,0.0233383178710939,0.0174595713615418,0.0005532726645469,0.0019318163394927,1.8942839451619675e-07,5.372672126213729e-05
